DATASOURCE_REGID	SMILES_RDKIT_2019.09.2	THESIS_SUBSTANCE_NUMBER	SUBSTANCE_COMMENT	SUBSTANCE_URL	INCHI_1.05_RDKIT_2019.09.2	INCHI_1.05_CHEMAXON_19.27.0	INCHIKEY_1.05_RDKIT_2019.09.2	INCHIKEY_1.05_CHEMAXON_19.27.0	SMILES_CHEMAXON_19.27.0	INCHIKEYS MATCH?	What is the Disagreement? 			Notes
UALIB-1798	C1=C2C=CC3=CC=C(C=CC4=CC=C(C=CC(=C1)S2)S4)S3	2 (ch.2)	Hu, Z. Part 1, Thiophene derived annulenes; Part 2, Synthesis and Diels-Alder reactions of monothiono-n-nethylmaleimide. Ph.D. Thesis, The University of Alabama, 1994.	http://library.ua.edu/vwebv/holdingsInfo?bibId=821644	InChI=1S/C18H12S3/c1-2-14-9-10-16-5-6-18(21-16)12-11-17-4-3-15(20-17)8-7-13(1)19-14/h1-12H	InChI=1S/C18H12S3/c1-2-14-9-10-16-5-6-18(21-16)12-11-17-4-3-15(20-17)8-7-13(1)19-14/h1-12H/b8-7-,10-9-,12-11-,13-7-,14-9-,15-8-,16-10-,17-11-,18-12-	CDEXOONVUKTYMM-UHFFFAOYSA-N	CDEXOONVUKTYMM-FYIRIZDNSA-N	S1C2=CC=C1\C=C/C1=CC=C(S1)\C=C/C1=CC=C(S1)\C=C/2	FALSE	Double bond configuration	*		There appears to be some limitations with representing these thiophene annulenes with smiles as originally drawn, which then affects the InChI double bond configuration layer between toolkits. Molfile maintains the configuration, however, based on other PubChem submitted substances, the standardization process changes the configuration again (* examples already in PubChem). So I donâ€™t see a need to submit the molfiles directly from ChemAxon. I think this is just a cheminformatics drawing layout preference issue with these highly symmetric/conjugated molecules and it is safe to proceed with current workflow.
UALIB-1799	C1=C\C2=CC=C(/C=C\C3=CC=C(/C=C\C4=CC=C(/C=C\C5=CC=C/1S5)S4)S3)S2	3 (ch.2)	Hu, Z. Part 1, Thiophene derived annulenes; Part 2, Synthesis and Diels-Alder reactions of monothiono-n-nethylmaleimide. Ph.D. Thesis, The University of Alabama, 1994.	http://library.ua.edu/vwebv/holdingsInfo?bibId=821644	InChI=1S/C24H16S4/c1-2-18-11-12-20-5-6-22(27-20)15-16-24-8-7-23(28-24)14-13-21-4-3-19(26-21)10-9-17(1)25-18/h1-16H/b10-9-,12-11-,14-13-,16-15-,17-9?,18-11?,19-10?,20-12?,21-13?,22-15?,23-14?,24-16?	InChI=1S/C24H16S4/c1-2-18-11-12-20-5-6-22(27-20)15-16-24-8-7-23(28-24)14-13-21-4-3-19(26-21)10-9-17(1)25-18/h1-16H/b10-9-,12-11-,14-13-,16-15-,17-9-,18-11-,19-10-,20-12-,21-13-,22-15-,23-14+,24-16+	XNPJBHWLQAWMEN-FCJZZLLFSA-N	XNPJBHWLQAWMEN-CVRNVXIMSA-N	S1C2=CC=C1\C=C/C1=CC=C(S1)\C=C/C1=CC=C(S1)\C=C/C1=CC=C(S1)\C=C/2	FALSE	Double bond configuration			
UALIB-1800	C1=CSC(C2=CC=CS2)=C1	4 (ch.2)	Hu, Z. Part 1, Thiophene derived annulenes; Part 2, Synthesis and Diels-Alder reactions of monothiono-n-nethylmaleimide. Ph.D. Thesis, The University of Alabama, 1994.	http://library.ua.edu/vwebv/holdingsInfo?bibId=821644	InChI=1S/C8H6S2/c1-3-7(9-5-1)8-4-2-6-10-8/h1-6H	InChI=1S/C8H6S2/c1-3-7(9-5-1)8-4-2-6-10-8/h1-6H	OHZAHWOAMVVGEL-UHFFFAOYSA-N	OHZAHWOAMVVGEL-UHFFFAOYSA-N	S1C=CC=C1C1=CC=CS1	TRUE				
UALIB-1801	O=CC1=CC=C(C2=CC=C(C=O)S2)S1	5 (ch.2)	Hu, Z. Part 1, Thiophene derived annulenes; Part 2, Synthesis and Diels-Alder reactions of monothiono-n-nethylmaleimide. Ph.D. Thesis, The University of Alabama, 1994.	http://library.ua.edu/vwebv/holdingsInfo?bibId=821644	InChI=1S/C10H6O2S2/c11-5-7-1-3-9(13-7)10-4-2-8(6-12)14-10/h1-6H	InChI=1S/C10H6O2S2/c11-5-7-1-3-9(13-7)10-4-2-8(6-12)14-10/h1-6H	RXAXZMANGDHIJX-UHFFFAOYSA-N	RXAXZMANGDHIJX-UHFFFAOYSA-N	O=CC1=CC=C(S1)C1=CC=C(S1)C=O	TRUE				
UALIB-1802	C1=C\C2=CC=C(S2)C2=CC=C(/C=C\C3=CC=C(S3)C3=CC=C/1S3)S2	6 (ch.2)	Hu, Z. Part 1, Thiophene derived annulenes; Part 2, Synthesis and Diels-Alder reactions of monothiono-n-nethylmaleimide. Ph.D. Thesis, The University of Alabama, 1994.	http://library.ua.edu/vwebv/holdingsInfo?bibId=821644	InChI=1S/C20H12S4/c1-2-14-6-10-19(22-14)20-12-8-16(24-20)4-3-15-7-11-18(23-15)17-9-5-13(1)21-17/h1-12H/b2-1-,4-3-,13-1?,14-2?,15-3?,16-4?,18-17?,20-19?	InChI=1S/C20H12S4/c1-2-14-6-10-19(22-14)20-12-8-16(24-20)4-3-15-7-11-18(23-15)17-9-5-13(1)21-17/h1-12H/b2-1-,4-3-,13-1-,14-2-,15-3-,16-4-,18-17-,20-19-	MSROBQXQQZEQGQ-YQDVUDNHSA-N	MSROBQXQQZEQGQ-WGMILTDNSA-N	S1C2=CC=C1C1=CC=C(S1)\C=C/C1=CC=C(S1)C1=CC=C(S1)\C=C/2	FALSE	Double bond configuration			
UALIB-1803	C1=CC2=CC=C(S2)C2=CC=C(C=CC3=CC=C(S3)C3=CC=C(C=CC4=CC=C(S4)C4=CC=C1S4)S3)S2	7 (ch.2)	Hu, Z. Part 1, Thiophene derived annulenes; Part 2, Synthesis and Diels-Alder reactions of monothiono-n-nethylmaleimide. Ph.D. Thesis, The University of Alabama, 1994.	http://library.ua.edu/vwebv/holdingsInfo?bibId=821644	InChI=1S/C30H18S6/c1-2-20-8-14-27(32-20)28-16-10-22(34-28)5-6-24-12-18-30(36-24)29-17-11-23(35-29)4-3-21-9-15-26(33-21)25-13-7-19(1)31-25/h1-18H	InChI=1S/C30H18S6/c1-2-20-8-14-27(32-20)28-16-10-22(34-28)5-6-24-12-18-30(36-24)29-17-11-23(35-29)4-3-21-9-15-26(33-21)25-13-7-19(1)31-25/h1-18H/b2-1-,4-3-,6-5-,19-1-,20-2-,21-3-,22-5-,23-4-,24-6+,26-25-,28-27-,30-29+	MCMDOYOTAWVHPZ-UHFFFAOYSA-N	MCMDOYOTAWVHPZ-FJVDMWJHSA-N	S1C2=CC=C1C1=CC=C(S1)\C=C/C1=CC=C(S1)C1=CC=C(S1)\C=C/C1=CC=C(S1)C1=CC=C(S1)\C=C/2	FALSE	Double bond configuration	*		
UALIB-1804	C1=C\C2=CC=C(S2)C2=CC=C(S2)C2=CC=C(/C=C\C3=CC=C(S3)C3=CC=C(S3)C3=CC=C/1S3)S2	12 (ch.2)	Hu, Z. Part 1, Thiophene derived annulenes; Part 2, Synthesis and Diels-Alder reactions of monothiono-n-nethylmaleimide. Ph.D. Thesis, The University of Alabama, 1994.	http://library.ua.edu/vwebv/holdingsInfo?bibId=821644	InChI=1S/C28H16S6/c1-2-18-6-10-22(30-18)26-15-16-28(34-26)24-12-8-20(32-24)4-3-19-7-11-23(31-19)27-14-13-25(33-27)21-9-5-17(1)29-21/h1-16H/b2-1-,4-3-,17-1?,18-2?,19-3?,20-4?,25-21?,26-22?,27-23?,28-24?	InChI=1S/C28H16S6/c1-2-18-6-10-22(30-18)26-15-16-28(34-26)24-12-8-20(32-24)4-3-19-7-11-23(31-19)27-14-13-25(33-27)21-9-5-17(1)29-21/h1-16H/b2-1-,4-3-,17-1-,18-2-,19-3-,20-4+,25-21-,26-22-,27-23-,28-24+	XKJXMWLVSKBORR-ASQDHKEQSA-N	XKJXMWLVSKBORR-NXECHLCGSA-N	S1C2=CC=C1C1=CC=C(S1)C1=CC=C(S1)\C=C/C1=CC=C(S1)C1=CC=C(S1)C1=CC=C(S1)\C=C/2	FALSE	Double bond configuration			
UALIB-1805	C1=CC2=[S+]C1=C1C=CC(=CC=C3C=CC(=C4C=CC(=[S+]4)C4=CC=C(C=CC5=CC=C2S5)S4)S3)S1	13 (ch.2)	Hu, Z. Part 1, Thiophene derived annulenes; Part 2, Synthesis and Diels-Alder reactions of monothiono-n-nethylmaleimide. Ph.D. Thesis, The University of Alabama, 1994.	http://library.ua.edu/vwebv/holdingsInfo?bibId=821644	InChI=1S/C28H16S6/c1-2-18-6-10-22(30-18)26-15-16-28(34-26)24-12-8-20(32-24)4-3-19-7-11-23(31-19)27-14-13-25(33-27)21-9-5-17(1)29-21/h1-16H/q+2	InChI=1S/C28H16S6/c1-2-18-6-10-22(30-18)26-15-16-28(34-26)24-12-8-20(32-24)4-3-19-7-11-23(31-19)27-14-13-25(33-27)21-9-5-17(1)29-21/h1-16H/q+2/b2-1-,4-3-,17-1-,18-2-,19-3-,20-4+,25-21-,26-22-,27-23-,28-24+	ORQDTRHICVMSFM-UHFFFAOYSA-N	ORQDTRHICVMSFM-NXECHLCGSA-N	S1C2=CC=C1C1=[S+]\C(C=C1)=C1/S\C(\C=C1)=C/C=C1\S\C(\C=C1)=C1\C=CC(=[S+]1)C1=CC=C(S1)\C=C/2	FALSE	Double bond configuration			
UALIB-1806	C1=CC2=[S+]/C1=C1/C=C/C(=C/C=C3/C=CC(=C4C=CC(=[S+]4)C4=CC=C(/C=C\C5=CC=C2S5)S4)S3)S1.[Br-].[Br-]	14 (ch.2)	Hu, Z. Part 1, Thiophene derived annulenes; Part 2, Synthesis and Diels-Alder reactions of monothiono-n-nethylmaleimide. Ph.D. Thesis, The University of Alabama, 1994.	http://library.ua.edu/vwebv/holdingsInfo?bibId=821644	InChI=1S/C28H16S6.2BrH/c1-2-18-6-10-22(30-18)26-15-16-28(34-26)24-12-8-20(32-24)4-3-19-7-11-23(31-19)27-14-13-25(33-27)21-9-5-17(1)29-21;;/h1-16H;2*1H/q+2;;/p-2	InChI=1S/C28H16S6.2BrH/c1-2-18-6-10-22(30-18)26-15-16-28(34-26)24-12-8-20(32-24)4-3-19-7-11-23(31-19)27-14-13-25(33-27)21-9-5-17(1)29-21;;/h1-16H;2*1H/q+2;;/p-2/b2-1-,4-3-,17-1-,18-2-,19-3-,20-4+,25-21-,26-22-,27-23-,28-24+;;	KIJHWFVGUOJGRN-UHFFFAOYSA-L	KIJHWFVGUOJGRN-RBMLBANMSA-L	[Br-].[Br-].S1C2=CC=C1C1=[S+]\C(C=C1)=C1/S\C(\C=C1)=C/C=C1\S\C(\C=C1)=C1\C=CC(=[S+]1)C1=CC=C(S1)\C=C/2	FALSE	Double bond configuration			
UALIB-1807	C1=CC2C3SC(C4=CC=C(/C=C\C5=CC=C(S5)C5SC(C6=CC=C(/C=C\C7=CC=C3S7)S6)C3C=CC=CC53)S4)C2C=C1	20 (ch.2)	Hu, Z. Part 1, Thiophene derived annulenes; Part 2, Synthesis and Diels-Alder reactions of monothiono-n-nethylmaleimide. Ph.D. Thesis, The University of Alabama, 1994.	http://library.ua.edu/vwebv/holdingsInfo?bibId=821644	InChI=1S/C36H28S6/c1-2-6-26-25(5-1)33-29-17-13-21(37-29)9-10-23-15-19-31(39-23)35-27-7-3-4-8-28(27)36(42-35)32-20-16-24(40-32)12-11-22-14-18-30(38-22)34(26)41-33/h1-20,25-28,33-36H/b10-9-,12-11-	InChI=1S/C36H28S6/c1-2-6-26-25(5-1)33-29-17-13-21(37-29)9-10-23-15-19-31(39-23)35-27-7-3-4-8-28(27)36(42-35)32-20-16-24(40-32)12-11-22-14-18-30(38-22)34(26)41-33/h1-20,25-28,33-36H/b10-9-,12-11-	AIGSHXLSISKKKP-BASFJDSNSA-N	AIGSHXLSISKKKP-BASFJDSNSA-N	S1C2C3C=CC=CC3C1C1=CC=C(S1)\C=C/C1=CC=C(S1)C1SC(C3C=CC=CC13)C1=CC=C(S1)\C=C/C1=CC=C2S1	TRUE				
UALIB-1808	BrC1=CC=C(CC2=CC=C(Br)S2)S1	22 (ch.2)	Hu, Z. Part 1, Thiophene derived annulenes; Part 2, Synthesis and Diels-Alder reactions of monothiono-n-nethylmaleimide. Ph.D. Thesis, The University of Alabama, 1994.	http://library.ua.edu/vwebv/holdingsInfo?bibId=821644	InChI=1S/C9H6Br2S2/c10-8-3-1-6(12-8)5-7-2-4-9(11)13-7/h1-4H,5H2	InChI=1S/C9H6Br2S2/c10-8-3-1-6(12-8)5-7-2-4-9(11)13-7/h1-4H,5H2	XTXVRWYTFVOPCF-UHFFFAOYSA-N	XTXVRWYTFVOPCF-UHFFFAOYSA-N	BrC1=CC=C(CC2=CC=C(Br)S2)S1	TRUE				
UALIB-1809	O=CC1=CC=C(CC2=CC=C(C=O)S2)S1	23 (ch.2)	Hu, Z. Part 1, Thiophene derived annulenes; Part 2, Synthesis and Diels-Alder reactions of monothiono-n-nethylmaleimide. Ph.D. Thesis, The University of Alabama, 1994.	http://library.ua.edu/vwebv/holdingsInfo?bibId=821644	InChI=1S/C11H8O2S2/c12-6-10-3-1-8(14-10)5-9-2-4-11(7-13)15-9/h1-4,6-7H,5H2	InChI=1S/C11H8O2S2/c12-6-10-3-1-8(14-10)5-9-2-4-11(7-13)15-9/h1-4,6-7H,5H2	LAFQIDRIGGRMFA-UHFFFAOYSA-N	LAFQIDRIGGRMFA-UHFFFAOYSA-N	O=CC1=CC=C(CC2=CC=C(S2)C=O)S1	TRUE				
UALIB-1810	C1=C\C2=CC=C(CC3=CC=C(/C=C\C4=CC=C(CC5=CC=C/1S5)S4)S3)S2	24 (ch.2)	Hu, Z. Part 1, Thiophene derived annulenes; Part 2, Synthesis and Diels-Alder reactions of monothiono-n-nethylmaleimide. Ph.D. Thesis, The University of Alabama, 1994.	http://library.ua.edu/vwebv/holdingsInfo?bibId=821644	InChI=1S/C22H16S4/c1-2-16-6-10-20(24-16)14-22-12-8-18(26-22)4-3-17-7-11-21(25-17)13-19-9-5-15(1)23-19/h1-12H,13-14H2/b2-1-,4-3-	InChI=1S/C22H16S4/c1-2-16-6-10-20(24-16)14-22-12-8-18(26-22)4-3-17-7-11-21(25-17)13-19-9-5-15(1)23-19/h1-12H,13-14H2/b2-1-,4-3-	RQURZMAKRQSVJI-LOKDLIDFSA-N	RQURZMAKRQSVJI-LOKDLIDFSA-N	C1C2=CC=C(S2)\C=C/C2=CC=C(CC3=CC=C(S3)\C=C/C3=CC=C1S3)S2	TRUE				
UALIB-1811	C1=C2C=CC(=CC3=CC=C(C=CC4=CC=C(C=C5C=CC(=C1)S5)S4)S3)S2	25 (ch.2)	Hu, Z. Part 1, Thiophene derived annulenes; Part 2, Synthesis and Diels-Alder reactions of monothiono-n-nethylmaleimide. Ph.D. Thesis, The University of Alabama, 1994.	http://library.ua.edu/vwebv/holdingsInfo?bibId=821644	InChI=1S/C22H14S4/c1-2-16-6-10-20(24-16)14-22-12-8-18(26-22)4-3-17-7-11-21(25-17)13-19-9-5-15(1)23-19/h1-14H	InChI=1S/C22H14S4/c1-2-16-6-10-20(24-16)14-22-12-8-18(26-22)4-3-17-7-11-21(25-17)13-19-9-5-15(1)23-19/h1-14H/b2-1-,4-3-,15-1-,16-2-,17-3-,18-4+,19-13-,20-14-,21-13-,22-14+	LRTKOUYJKVEMEJ-UHFFFAOYSA-N	LRTKOUYJKVEMEJ-HOKRSXJHSA-N	S1C2=CC=C1C=C1S\C(C=C1)=C/C=C1\SC(C=C1)=CC1=CC=C(S1)\C=C/2	FALSE	Double bond configuration	*		
UALIB-1812	CC(C)CC(C1=CC=C(Br)S1)C1=CC=C(Br)S1	26 (ch.2)	Hu, Z. Part 1, Thiophene derived annulenes; Part 2, Synthesis and Diels-Alder reactions of monothiono-n-nethylmaleimide. Ph.D. Thesis, The University of Alabama, 1994.	http://library.ua.edu/vwebv/holdingsInfo?bibId=821644	InChI=1S/C13H14Br2S2/c1-8(2)7-9(10-3-5-12(14)16-10)11-4-6-13(15)17-11/h3-6,8-9H,7H2,1-2H3	InChI=1S/C13H14Br2S2/c1-8(2)7-9(10-3-5-12(14)16-10)11-4-6-13(15)17-11/h3-6,8-9H,7H2,1-2H3	VBWCMDBTJZXGMT-UHFFFAOYSA-N	VBWCMDBTJZXGMT-UHFFFAOYSA-N	CC(C)CC(C1=CC=C(Br)S1)C1=CC=C(Br)S1	TRUE				
UALIB-1813	CC(C)CC(C1=CC=C(C=O)S1)C1=CC=C(C=O)S1	27 (ch.2)	Hu, Z. Part 1, Thiophene derived annulenes; Part 2, Synthesis and Diels-Alder reactions of monothiono-n-nethylmaleimide. Ph.D. Thesis, The University of Alabama, 1994.	http://library.ua.edu/vwebv/holdingsInfo?bibId=821644	InChI=1S/C15H16O2S2/c1-10(2)7-13(14-5-3-11(8-16)18-14)15-6-4-12(9-17)19-15/h3-6,8-10,13H,7H2,1-2H3	InChI=1S/C15H16O2S2/c1-10(2)7-13(14-5-3-11(8-16)18-14)15-6-4-12(9-17)19-15/h3-6,8-10,13H,7H2,1-2H3	OKRMPVZLLGUKAG-UHFFFAOYSA-N	OKRMPVZLLGUKAG-UHFFFAOYSA-N	CC(C)CC(C1=CC=C(S1)C=O)C1=CC=C(S1)C=O	TRUE				
UALIB-1814	CC(C)C[C@H]1C2=CC=C(/C=C\C3=CC=C(S3)[C@@H](CC(C)C)C3=CC=C(/C=C\C4=CC=C1S4)S3)S2.CC(C)C[C@H]1C2=CC=C(/C=C\C3=CC=C(S3)[C@H](CC(C)C)C3=CC=C(/C=C\C4=CC=C1S4)S3)S2	28/29 (diastereomeric mixture) (ch.2)	Hu, Z. Part 1, Thiophene derived annulenes; Part 2, Synthesis and Diels-Alder reactions of monothiono-n-nethylmaleimide. Ph.D. Thesis, The University of Alabama, 1994.	http://library.ua.edu/vwebv/holdingsInfo?bibId=821644	InChI=1S/2C30H32S4/c2*1-19(2)17-25-27-13-9-21(31-27)5-7-23-11-15-29(33-23)26(18-20(3)4)30-16-12-24(34-30)8-6-22-10-14-28(25)32-22/h2*5-16,19-20,25-26H,17-18H2,1-4H3/b2*7-5-,8-6-/t25-,26+;25-,26-	InChI=1S/2C30H32S4/c2*1-19(2)17-25-27-13-9-21(31-27)5-7-23-11-15-29(33-23)26(18-20(3)4)30-16-12-24(34-30)8-6-22-10-14-28(25)32-22/h2*5-16,19-20,25-26H,17-18H2,1-4H3/b2*7-5-,8-6-/t25-,26+;25-,26-	RFXGLMRQUWYZIY-UZVFCIBJSA-N	RFXGLMRQUWYZIY-UZVFCIBJSA-N	CC(C)C[C@H]1C2=CC=C(S2)\C=C/C2=CC=C(S2)[C@@H](CC(C)C)C2=CC=C(S2)\C=C/C2=CC=C1S2.CC(C)C[C@H]1C2=CC=C(S2)\C=C/C2=CC=C(S2)[C@H](CC(C)C)C2=CC=C(S2)\C=C/C2=CC=C1S2	TRUE				
UALIB-1815	CN1C(C2=CC=CS2)=CC=C1C1=CC=CS1	2 (ch.3)	Hu, Z. Part 1, Thiophene derived annulenes; Part 2, Synthesis and Diels-Alder reactions of monothiono-n-nethylmaleimide. Ph.D. Thesis, The University of Alabama, 1994.	http://library.ua.edu/vwebv/holdingsInfo?bibId=821644	InChI=1S/C13H11NS2/c1-14-10(12-4-2-8-15-12)6-7-11(14)13-5-3-9-16-13/h2-9H,1H3	InChI=1S/C13H11NS2/c1-14-10(12-4-2-8-15-12)6-7-11(14)13-5-3-9-16-13/h2-9H,1H3	PGFNUASIFPKIAM-UHFFFAOYSA-N	PGFNUASIFPKIAM-UHFFFAOYSA-N	CN1C(=CC=C1C1=CC=CS1)C1=CC=CS1	TRUE				
UALIB-1816	CN1C(C2=CC=C(C=O)S2)=CC=C1C1=CC=C(C=O)S1	3 (ch.3)	Hu, Z. Part 1, Thiophene derived annulenes; Part 2, Synthesis and Diels-Alder reactions of monothiono-n-nethylmaleimide. Ph.D. Thesis, The University of Alabama, 1994.	http://library.ua.edu/vwebv/holdingsInfo?bibId=821644	InChI=1S/C15H11NO2S2/c1-16-12(14-6-2-10(8-17)19-14)4-5-13(16)15-7-3-11(9-18)20-15/h2-9H,1H3	InChI=1S/C15H11NO2S2/c1-16-12(14-6-2-10(8-17)19-14)4-5-13(16)15-7-3-11(9-18)20-15/h2-9H,1H3	BNQQILJZBBYIOV-UHFFFAOYSA-N	BNQQILJZBBYIOV-UHFFFAOYSA-N	CN1C(=CC=C1C1=CC=C(S1)C=O)C1=CC=C(S1)C=O	TRUE				
UALIB-1817	CN1C2=CC=C1C1=CC=C(/C=C\C3=CC=C(S3)C3=CC=C(C4=CC=C(/C=C\C5=CC=C2S5)S4)N3C)S1	4 (ch.3)	Hu, Z. Part 1, Thiophene derived annulenes; Part 2, Synthesis and Diels-Alder reactions of monothiono-n-nethylmaleimide. Ph.D. Thesis, The University of Alabama, 1994.	http://library.ua.edu/vwebv/holdingsInfo?bibId=821644	InChI=1S/C30H22N2S4/c1-31-23-11-12-24(31)28-16-8-20(34-28)4-6-22-10-18-30(36-22)26-14-13-25(32(26)2)29-17-9-21(35-29)5-3-19-7-15-27(23)33-19/h3-18H,1-2H3/b5-3-,6-4-,19-3?,20-4?,21-5?,22-6?,27-23?,28-24?,29-25?,30-26?	InChI=1S/C30H22N2S4/c1-31-23-11-12-24(31)28-16-8-20(34-28)4-6-22-10-18-30(36-22)26-14-13-25(32(26)2)29-17-9-21(35-29)5-3-19-7-15-27(23)33-19/h3-18H,1-2H3/b5-3-,6-4-,19-3-,20-4-,21-5-,22-6+,27-23-,28-24-,29-25-,30-26+	HZZGBUFFRCXFAW-FOEVXDSGSA-N	HZZGBUFFRCXFAW-ZHJSWXAHSA-N	CN1C2=CC=C1C1=CC=C(S1)\C=C/C1=CC=C(S1)C1=CC=C(N1C)C1=CC=C(S1)\C=C/C1=CC=C2S1	FALSE	Double bond configuration			
UALIB-1818	CCCCCCCCCCCCN1C(C2=CC=CS2)=CC=C1C1=CC=CS1	5 (ch.3)	Hu, Z. Part 1, Thiophene derived annulenes; Part 2, Synthesis and Diels-Alder reactions of monothiono-n-nethylmaleimide. Ph.D. Thesis, The University of Alabama, 1994.	http://library.ua.edu/vwebv/holdingsInfo?bibId=821644	InChI=1S/C24H33NS2/c1-2-3-4-5-6-7-8-9-10-11-18-25-21(23-14-12-19-26-23)16-17-22(25)24-15-13-20-27-24/h12-17,19-20H,2-11,18H2,1H3	InChI=1S/C24H33NS2/c1-2-3-4-5-6-7-8-9-10-11-18-25-21(23-14-12-19-26-23)16-17-22(25)24-15-13-20-27-24/h12-17,19-20H,2-11,18H2,1H3	SDIALVWFWRNZAG-UHFFFAOYSA-N	SDIALVWFWRNZAG-UHFFFAOYSA-N	CCCCCCCCCCCCN1C(=CC=C1C1=CC=CS1)C1=CC=CS1	TRUE				
UALIB-1819	CCCCCCCCCCCCN1C(C2=CC=C(C=O)S2)=CC=C1C1=CC=C(C=O)S1	6 (ch.3)	Hu, Z. Part 1, Thiophene derived annulenes; Part 2, Synthesis and Diels-Alder reactions of monothiono-n-nethylmaleimide. Ph.D. Thesis, The University of Alabama, 1994.	http://library.ua.edu/vwebv/holdingsInfo?bibId=821644	InChI=1S/C26H33NO2S2/c1-2-3-4-5-6-7-8-9-10-11-18-27-23(25-16-12-21(19-28)30-25)14-15-24(27)26-17-13-22(20-29)31-26/h12-17,19-20H,2-11,18H2,1H3	InChI=1S/C26H33NO2S2/c1-2-3-4-5-6-7-8-9-10-11-18-27-23(25-16-12-21(19-28)30-25)14-15-24(27)26-17-13-22(20-29)31-26/h12-17,19-20H,2-11,18H2,1H3	NMTOZNJXHVZWDU-UHFFFAOYSA-N	NMTOZNJXHVZWDU-UHFFFAOYSA-N	CCCCCCCCCCCCN1C(=CC=C1C1=CC=C(S1)C=O)C1=CC=C(S1)C=O	TRUE				
UALIB-1820	CCCCCCCCCCCCN1C2=CC=C1C1=CC=C(/C=C\C3=CC=C(S3)C3=CC=C(C4=CC=C(/C=C\C5=CC=C2S5)S4)N3CCCCCCCCCCCC)S1	7 (ch.3)	Hu, Z. Part 1, Thiophene derived annulenes; Part 2, Synthesis and Diels-Alder reactions of monothiono-n-nethylmaleimide. Ph.D. Thesis, The University of Alabama, 1994.	http://library.ua.edu/vwebv/holdingsInfo?bibId=821644	InChI=1S/C52H66N2S4/c1-3-5-7-9-11-13-15-17-19-21-39-53-45-31-32-46(53)50-36-28-42(56-50)24-26-44-30-38-52(58-44)48-34-33-47(54(48)40-22-20-18-16-14-12-10-8-6-4-2)51-37-29-43(57-51)25-23-41-27-35-49(45)55-41/h23-38H,3-22,39-40H2,1-2H3/b25-23-,26-24-,41-23?,42-24?,43-25?,44-26?,49-45?,50-46?,51-47?,52-48?	InChI=1S/C52H66N2S4/c1-3-5-7-9-11-13-15-17-19-21-39-53-45-31-32-46(53)50-36-28-42(56-50)24-26-44-30-38-52(58-44)48-34-33-47(54(48)40-22-20-18-16-14-12-10-8-6-4-2)51-37-29-43(57-51)25-23-41-27-35-49(45)55-41/h23-38H,3-22,39-40H2,1-2H3/b25-23-,26-24-,41-23-,42-24-,43-25-,44-26+,49-45-,50-46-,51-47-,52-48+	RUMGYPYHOMWNOG-JUWPDIIISA-N	RUMGYPYHOMWNOG-ACNMRASRSA-N	CCCCCCCCCCCCN1C2=CC=C1C1=CC=C(S1)\C=C/C1=CC=C(S1)C1=CC=C(N1CCCCCCCCCCCC)C1=CC=C(S1)\C=C/C1=CC=C2S1	FALSE	Double bond configuration			
UALIB-1821	C1=CSC(C2=CC=C(C3=CC=CS3)[NH]2)=C1	8 (ch.3)	Hu, Z. Part 1, Thiophene derived annulenes; Part 2, Synthesis and Diels-Alder reactions of monothiono-n-nethylmaleimide. Ph.D. Thesis, The University of Alabama, 1994.	http://library.ua.edu/vwebv/holdingsInfo?bibId=821644	InChI=1S/C12H9NS2/c1-3-11(14-7-1)9-5-6-10(13-9)12-4-2-8-15-12/h1-8,13H	InChI=1S/C12H9NS2/c1-3-11(14-7-1)9-5-6-10(13-9)12-4-2-8-15-12/h1-8,13H	REHRCHHNCOTPBV-UHFFFAOYSA-N	REHRCHHNCOTPBV-UHFFFAOYSA-N	N1C(=CC=C1C1=CC=CS1)C1=CC=CS1	TRUE				
UALIB-1822	O=CC1=CC=C(C2=CC=C(C3=CC=C(C=O)S3)[NH]2)S1	9 (ch.3)	Hu, Z. Part 1, Thiophene derived annulenes; Part 2, Synthesis and Diels-Alder reactions of monothiono-n-nethylmaleimide. Ph.D. Thesis, The University of Alabama, 1994.	http://library.ua.edu/vwebv/holdingsInfo?bibId=821644	InChI=1S/C14H9NO2S2/c16-7-9-1-5-13(18-9)11-3-4-12(15-11)14-6-2-10(8-17)19-14/h1-8,15H	InChI=1S/C14H9NO2S2/c16-7-9-1-5-13(18-9)11-3-4-12(15-11)14-6-2-10(8-17)19-14/h1-8,15H	SCXRMAVFUJHXDD-UHFFFAOYSA-N	SCXRMAVFUJHXDD-UHFFFAOYSA-N	O=CC1=CC=C(S1)C1=CC=C(N1)C1=CC=C(S1)C=O	TRUE				
UALIB-1823	C1=C\C2=CC=C(S2)C2=CC=C([NH]2)C2=CC=C(/C=C\C3=CC=C(S3)C3=CC=C([NH]3)C3=CC=C/1S3)S2	10 (ch.3)	Hu, Z. Part 1, Thiophene derived annulenes; Part 2, Synthesis and Diels-Alder reactions of monothiono-n-nethylmaleimide. Ph.D. Thesis, The University of Alabama, 1994.	http://library.ua.edu/vwebv/holdingsInfo?bibId=821644	InChI=1S/C28H18N2S4/c1-2-18-6-14-26(32-18)22-11-12-24(30-22)28-16-8-20(34-28)4-3-19-7-15-27(33-19)23-10-9-21(29-23)25-13-5-17(1)31-25/h1-16,29-30H/b2-1-,4-3-,17-1?,18-2?,19-3?,20-4?,25-21?,26-22?,27-23?,28-24?	InChI=1S/C28H18N2S4/c1-2-18-6-14-26(32-18)22-11-12-24(30-22)28-16-8-20(34-28)4-3-19-7-15-27(33-19)23-10-9-21(29-23)25-13-5-17(1)31-25/h1-16,29-30H/b2-1-,4-3-,17-1-,18-2-,19-3-,20-4+,25-21-,26-22-,27-23-,28-24+	BKIZHBRSPCCGGV-ASQDHKEQSA-N	BKIZHBRSPCCGGV-NXECHLCGSA-N	N1C2=CC=C1C1=CC=C(S1)\C=C/C1=CC=C(S1)C1=CC=C(N1)C1=CC=C(S1)\C=C/C1=CC=C2S1	FALSE	Double bond configuration			
UALIB-1824	C1=CC2=NC1=C1C=CC(=CC=C3C=CC(=C4C=CC(=N4)C4=CC=C(C=CC5=CC=C2S5)S4)S3)S1	11 (ch.3)	Hu, Z. Part 1, Thiophene derived annulenes; Part 2, Synthesis and Diels-Alder reactions of monothiono-n-nethylmaleimide. Ph.D. Thesis, The University of Alabama, 1994.	http://library.ua.edu/vwebv/holdingsInfo?bibId=821644	InChI=1S/C28H16N2S4/c1-2-18-6-14-26(32-18)22-11-12-24(30-22)28-16-8-20(34-28)4-3-19-7-15-27(33-19)23-10-9-21(29-23)25-13-5-17(1)31-25/h1-16H	InChI=1S/C28H16N2S4/c1-2-18-6-14-26(32-18)22-11-12-24(30-22)28-16-8-20(34-28)4-3-19-7-15-27(33-19)23-10-9-21(29-23)25-13-5-17(1)31-25/h1-16H/b2-1-,4-3-,17-1-,18-2-,19-3-,20-4+,25-21-,26-22-,27-23-,28-24+	JCDVTKZVUSSTPN-UHFFFAOYSA-N	JCDVTKZVUSSTPN-NXECHLCGSA-N	S1C2=CC=C1C1=N\C(C=C1)=C1/S\C(\C=C1)=C/C=C1\S\C(\C=C1)=C1\C=CC(=N1)C1=CC=C(S1)\C=C/2	FALSE	Double bond configuration			
UALIB-1825	CC/C(=C(/CC)C1=CC=C(C2=CC=C(C3=CC=CS3)[NH]2)S1)C1=CC=C(C2=CC=C(C3=CC=CS3)[NH]2)S1.CC/C(=C(\CC)C1=CC=C(C2=CC=C(C3=CC=CS3)[NH]2)S1)C1=CC=C(C2=CC=C(C3=CC=CS3)[NH]2)S1	14a and b mixture (ch.3)	Hu, Z. Part 1, Thiophene derived annulenes; Part 2, Synthesis and Diels-Alder reactions of monothiono-n-nethylmaleimide. Ph.D. Thesis, The University of Alabama, 1994.	http://library.ua.edu/vwebv/holdingsInfo?bibId=821644	InChI=1S/2C30H26N2S4/c2*1-3-19(25-13-15-29(35-25)23-11-9-21(31-23)27-7-5-17-33-27)20(4-2)26-14-16-30(36-26)24-12-10-22(32-24)28-8-6-18-34-28/h2*5-18,31-32H,3-4H2,1-2H3/b20-19+;20-19-	InChI=1S/2C30H26N2S4/c2*1-3-19(25-13-15-29(35-25)23-11-9-21(31-23)27-7-5-17-33-27)20(4-2)26-14-16-30(36-26)24-12-10-22(32-24)28-8-6-18-34-28/h2*5-18,31-32H,3-4H2,1-2H3/b20-19+;20-19-	VLYVXEWSQIKFKF-QGLLLRSCSA-N	VLYVXEWSQIKFKF-QGLLLRSCSA-N	CC\C(=C(\CC)C1=CC=C(S1)C1=CC=C(N1)C1=CC=CS1)C1=CC=C(S1)C1=CC=C(N1)C1=CC=CS1.CC\C(=C(/CC)C1=CC=C(S1)C1=CC=C(N1)C1=CC=CS1)C1=CC=C(S1)C1=CC=C(N1)C1=CC=CS1	TRUE				
UALIB-1826	CCC(=O)C1=CC=C(C2=CC=C(C3=CC=CS3)[NH]2)S1	13 (ch.3)	Hu, Z. Part 1, Thiophene derived annulenes; Part 2, Synthesis and Diels-Alder reactions of monothiono-n-nethylmaleimide. Ph.D. Thesis, The University of Alabama, 1994.	http://library.ua.edu/vwebv/holdingsInfo?bibId=821644	InChI=1S/C15H13NOS2/c1-2-12(17)15-8-7-14(19-15)11-6-5-10(16-11)13-4-3-9-18-13/h3-9,16H,2H2,1H3	InChI=1S/C15H13NOS2/c1-2-12(17)15-8-7-14(19-15)11-6-5-10(16-11)13-4-3-9-18-13/h3-9,16H,2H2,1H3	UXAXPLGXOJTEJJ-UHFFFAOYSA-N	UXAXPLGXOJTEJJ-UHFFFAOYSA-N	CCC(=O)C1=CC=C(S1)C1=CC=C(N1)C1=CC=CS1	TRUE				
UALIB-1827	CCC(=O)C1=CC=C(C2=CC=C(C3=CC=C(C(=O)CC)S3)[NH]2)S1	12 (ch.3)	Hu, Z. Part 1, Thiophene derived annulenes; Part 2, Synthesis and Diels-Alder reactions of monothiono-n-nethylmaleimide. Ph.D. Thesis, The University of Alabama, 1994.	http://library.ua.edu/vwebv/holdingsInfo?bibId=821644	InChI=1S/C18H17NO2S2/c1-3-13(20)17-9-7-15(22-17)11-5-6-12(19-11)16-8-10-18(23-16)14(21)4-2/h5-10,19H,3-4H2,1-2H3	InChI=1S/C18H17NO2S2/c1-3-13(20)17-9-7-15(22-17)11-5-6-12(19-11)16-8-10-18(23-16)14(21)4-2/h5-10,19H,3-4H2,1-2H3	ORKUAQLRRAXMND-UHFFFAOYSA-N	ORKUAQLRRAXMND-UHFFFAOYSA-N	CCC(=O)C1=CC=C(S1)C1=CC=C(N1)C1=CC=C(S1)C(=O)CC	TRUE				
UALIB-1828	C1=COC(C2=CC=C(C3=CC=CO3)[NH]2)=C1	16 (ch.3)	Hu, Z. Part 1, Thiophene derived annulenes; Part 2, Synthesis and Diels-Alder reactions of monothiono-n-nethylmaleimide. Ph.D. Thesis, The University of Alabama, 1994.	http://library.ua.edu/vwebv/holdingsInfo?bibId=821644	InChI=1S/C12H9NO2/c1-3-11(14-7-1)9-5-6-10(13-9)12-4-2-8-15-12/h1-8,13H	InChI=1S/C12H9NO2/c1-3-11(14-7-1)9-5-6-10(13-9)12-4-2-8-15-12/h1-8,13H	LVNCAKWMHAWCCM-UHFFFAOYSA-N	LVNCAKWMHAWCCM-UHFFFAOYSA-N	N1C(=CC=C1C1=CC=CO1)C1=CC=CO1	TRUE				
UALIB-1829	O=CC1=CC=C(C2=CC=C(C3=CC=CO3)[NH]2)O1	17 (ch.3)	Hu, Z. Part 1, Thiophene derived annulenes; Part 2, Synthesis and Diels-Alder reactions of monothiono-n-nethylmaleimide. Ph.D. Thesis, The University of Alabama, 1994.	http://library.ua.edu/vwebv/holdingsInfo?bibId=821644	InChI=1S/C13H9NO3/c15-8-9-3-6-13(17-9)11-5-4-10(14-11)12-2-1-7-16-12/h1-8,14H	InChI=1S/C13H9NO3/c15-8-9-3-6-13(17-9)11-5-4-10(14-11)12-2-1-7-16-12/h1-8,14H	REQAWBLGWATTBS-UHFFFAOYSA-N	REQAWBLGWATTBS-UHFFFAOYSA-N	O=CC1=CC=C(O1)C1=CC=C(N1)C1=CC=CO1	TRUE				
UALIB-1830	C1=CSC(C2=CC=C(C3=CC=CS3)O2)=C1	18 (ch.3)	Hu, Z. Part 1, Thiophene derived annulenes; Part 2, Synthesis and Diels-Alder reactions of monothiono-n-nethylmaleimide. Ph.D. Thesis, The University of Alabama, 1994.	http://library.ua.edu/vwebv/holdingsInfo?bibId=821644	InChI=1S/C12H8OS2/c1-3-11(14-7-1)9-5-6-10(13-9)12-4-2-8-15-12/h1-8H	InChI=1S/C12H8OS2/c1-3-11(14-7-1)9-5-6-10(13-9)12-4-2-8-15-12/h1-8H	FEBXMKWMRKJKKW-UHFFFAOYSA-N	FEBXMKWMRKJKKW-UHFFFAOYSA-N	O1C(=CC=C1C1=CC=CS1)C1=CC=CS1	TRUE				
UALIB-1831	O=CC1=CC=C(C2=CC=C(C3=CC=C(C=O)S3)O2)S1	19 (ch.3)	Hu, Z. Part 1, Thiophene derived annulenes; Part 2, Synthesis and Diels-Alder reactions of monothiono-n-nethylmaleimide. Ph.D. Thesis, The University of Alabama, 1994.	http://library.ua.edu/vwebv/holdingsInfo?bibId=821644	InChI=1S/C14H8O3S2/c15-7-9-1-5-13(18-9)11-3-4-12(17-11)14-6-2-10(8-16)19-14/h1-8H	InChI=1S/C14H8O3S2/c15-7-9-1-5-13(18-9)11-3-4-12(17-11)14-6-2-10(8-16)19-14/h1-8H	OFKNDOCRYWMQIK-UHFFFAOYSA-N	OFKNDOCRYWMQIK-UHFFFAOYSA-N	O=CC1=CC=C(S1)C1=CC=C(O1)C1=CC=C(S1)C=O	TRUE				
UALIB-1832	C1=C\C2=CC=C(S2)C2=CC=C(O2)C2=CC=C(/C=C\C3=CC=C(S3)C3=CC=C(O3)C3=CC=C/1S3)S2	20 (ch.3)	Hu, Z. Part 1, Thiophene derived annulenes; Part 2, Synthesis and Diels-Alder reactions of monothiono-n-nethylmaleimide. Ph.D. Thesis, The University of Alabama, 1994.	http://library.ua.edu/vwebv/holdingsInfo?bibId=821644	InChI=1S/C28H16O2S4/c1-2-18-6-14-26(32-18)22-11-12-24(30-22)28-16-8-20(34-28)4-3-19-7-15-27(33-19)23-10-9-21(29-23)25-13-5-17(1)31-25/h1-16H/b2-1-,4-3-,17-1?,18-2?,19-3?,20-4?,25-21?,26-22?,27-23?,28-24?	InChI=1S/C28H16O2S4/c1-2-18-6-14-26(32-18)22-11-12-24(30-22)28-16-8-20(34-28)4-3-19-7-15-27(33-19)23-10-9-21(29-23)25-13-5-17(1)31-25/h1-16H/b2-1-,4-3-,17-1-,18-2-,19-3-,20-4+,25-21-,26-22-,27-23-,28-24+	ZUAVKJKVNRMXDH-ASQDHKEQSA-N	ZUAVKJKVNRMXDH-NXECHLCGSA-N	O1C2=CC=C1C1=CC=C(S1)\C=C/C1=CC=C(S1)C1=CC=C(O1)C1=CC=C(S1)\C=C/C1=CC=C2S1	FALSE	Double bond configuration			
UALIB-1833	O=C1CCC(=O)C2=CC=C(/C=C\C3=CC=C(S3)C(=O)CCC(=O)C3=CC=C(/C=C\C4=CC=C1S4)S3)S2	21 (ch.3)	Hu, Z. Part 1, Thiophene derived annulenes; Part 2, Synthesis and Diels-Alder reactions of monothiono-n-nethylmaleimide. Ph.D. Thesis, The University of Alabama, 1994.	http://library.ua.edu/vwebv/holdingsInfo?bibId=821644	InChI=1S/C28H20O4S4/c29-21-9-10-23(31)27-15-7-19(35-27)3-4-20-8-16-28(36-20)24(32)12-11-22(30)26-14-6-18(34-26)2-1-17-5-13-25(21)33-17/h1-8,13-16H,9-12H2/b2-1-,4-3-	InChI=1S/C28H20O4S4/c29-21-9-10-23(31)27-15-7-19(35-27)3-4-20-8-16-28(36-20)24(32)12-11-22(30)26-14-6-18(34-26)2-1-17-5-13-25(21)33-17/h1-8,13-16H,9-12H2/b2-1-,4-3-	OKOOWOQMCQIOSH-LOKDLIDFSA-N	OKOOWOQMCQIOSH-LOKDLIDFSA-N	O=C1CCC(=O)C2=CC=C(S2)\C=C/C2=CC=C(S2)C(=O)CCC(=O)C2=CC=C(S2)\C=C/C2=CC=C1S2	TRUE				
UALIB-1834	CN1C(=O)C=CC1=S	9 (part 2)	Hu, Z. Part 1, Thiophene derived annulenes; Part 2, Synthesis and Diels-Alder reactions of monothiono-n-nethylmaleimide. Ph.D. Thesis, The University of Alabama, 1994.	http://library.ua.edu/vwebv/holdingsInfo?bibId=821644	InChI=1S/C5H5NOS/c1-6-4(7)2-3-5(6)8/h2-3H,1H3	InChI=1S/C5H5NOS/c1-6-4(7)2-3-5(6)8/h2-3H,1H3	ORSCCCRAKFHXNU-UHFFFAOYSA-N	ORSCCCRAKFHXNU-UHFFFAOYSA-N	CN1C(=O)C=CC1=S	TRUE				
UALIB-1835	CC1=C(C)CC2C(=S)N(C)C(=O)C2C1	11 (part 2)	Hu, Z. Part 1, Thiophene derived annulenes; Part 2, Synthesis and Diels-Alder reactions of monothiono-n-nethylmaleimide. Ph.D. Thesis, The University of Alabama, 1994.	http://library.ua.edu/vwebv/holdingsInfo?bibId=821644	InChI=1S/C11H15NOS/c1-6-4-8-9(5-7(6)2)11(14)12(3)10(8)13/h8-9H,4-5H2,1-3H3	InChI=1S/C11H15NOS/c1-6-4-8-9(5-7(6)2)11(14)12(3)10(8)13/h8-9H,4-5H2,1-3H3	GZHABWFDCKXNPD-UHFFFAOYSA-N	GZHABWFDCKXNPD-UHFFFAOYSA-N	CN1C(=O)C2CC(C)=C(C)CC2C1=S	TRUE				
UALIB-1836	CC1=C(C)CC2(C=CC(=O)N2C)SC1	13 (part 2)	Hu, Z. Part 1, Thiophene derived annulenes; Part 2, Synthesis and Diels-Alder reactions of monothiono-n-nethylmaleimide. Ph.D. Thesis, The University of Alabama, 1994.	http://library.ua.edu/vwebv/holdingsInfo?bibId=821644	InChI=1S/C11H15NOS/c1-8-6-11(14-7-9(8)2)5-4-10(13)12(11)3/h4-5H,6-7H2,1-3H3	InChI=1S/C11H15NOS/c1-8-6-11(14-7-9(8)2)5-4-10(13)12(11)3/h4-5H,6-7H2,1-3H3	WESPWPAZIVJZBK-UHFFFAOYSA-N	WESPWPAZIVJZBK-UHFFFAOYSA-N	CN1C(=O)C=CC11CC(C)=C(C)CS1	TRUE				
UALIB-1837	CC1=C(C)CC2C(=O)N(C)C(=O)C2C1	12 (part 2)	Hu, Z. Part 1, Thiophene derived annulenes; Part 2, Synthesis and Diels-Alder reactions of monothiono-n-nethylmaleimide. Ph.D. Thesis, The University of Alabama, 1994.	http://library.ua.edu/vwebv/holdingsInfo?bibId=821644	InChI=1S/C11H15NO2/c1-6-4-8-9(5-7(6)2)11(14)12(3)10(8)13/h8-9H,4-5H2,1-3H3	InChI=1S/C11H15NO2/c1-6-4-8-9(5-7(6)2)11(14)12(3)10(8)13/h8-9H,4-5H2,1-3H3	KYDLJSYPTLTQOB-UHFFFAOYSA-N	KYDLJSYPTLTQOB-UHFFFAOYSA-N	CN1C(=O)C2CC(C)=C(C)CC2C1=O	TRUE				
UALIB-1838	CN1C(=O)[C@@H]2[C@@H](OC(=O)C3=CC=CC=C3)C=C[C@@H](OC(=O)C3=CC=CC=C3)[C@@H]2C1=S	19 (part 2)	Hu, Z. Part 1, Thiophene derived annulenes; Part 2, Synthesis and Diels-Alder reactions of monothiono-n-nethylmaleimide. Ph.D. Thesis, The University of Alabama, 1994.	http://library.ua.edu/vwebv/holdingsInfo?bibId=821644	InChI=1S/C23H19NO5S/c1-24-20(25)18-16(28-22(26)14-8-4-2-5-9-14)12-13-17(19(18)21(24)30)29-23(27)15-10-6-3-7-11-15/h2-13,16-19H,1H3/t16-,17+,18+,19-/m0/s1	InChI=1S/C23H19NO5S/c1-24-20(25)18-16(28-22(26)14-8-4-2-5-9-14)12-13-17(19(18)21(24)30)29-23(27)15-10-6-3-7-11-15/h2-13,16-19H,1H3/t16-,17+,18+,19-/m0/s1	CEOXGYREZQSKJZ-MANSERQUSA-N	CEOXGYREZQSKJZ-MANSERQUSA-N	[H][C@@]12[C@@H](OC(=O)C3=CC=CC=C3)C=C[C@@H](OC(=O)C3=CC=CC=C3)[C@]1([H])C(=S)N(C)C2=O	TRUE				
UALIB-1839	CN1C(=O)[C@@H]2[C@@H](OC(=O)C3=CC=CC=C3)C=C[C@@H](OC(=O)C3=CC=CC=C3)[C@@H]2C1=O	20 (part 2)	Hu, Z. Part 1, Thiophene derived annulenes; Part 2, Synthesis and Diels-Alder reactions of monothiono-n-nethylmaleimide. Ph.D. Thesis, The University of Alabama, 1994.	http://library.ua.edu/vwebv/holdingsInfo?bibId=821644	InChI=1S/C23H19NO6/c1-24-20(25)18-16(29-22(27)14-8-4-2-5-9-14)12-13-17(19(18)21(24)26)30-23(28)15-10-6-3-7-11-15/h2-13,16-19H,1H3/t16-,17+,18+,19-	InChI=1S/C23H19NO6/c1-24-20(25)18-16(29-22(27)14-8-4-2-5-9-14)12-13-17(19(18)21(24)26)30-23(28)15-10-6-3-7-11-15/h2-13,16-19H,1H3/t16-,17+,18+,19-	CCDQOLHAACRIQH-SEXKYXSUSA-N	CCDQOLHAACRIQH-SEXKYXSUSA-N	[H][C@@]12[C@@H](OC(=O)C3=CC=CC=C3)C=C[C@@H](OC(=O)C3=CC=CC=C3)[C@]1([H])C(=O)N(C)C2=O	TRUE				
UALIB-1840	CO[C@@H]1CC(=O)C[C@H]2C(=O)N(C)C(=S)[C@@H]12	23 (part 2)	Hu, Z. Part 1, Thiophene derived annulenes; Part 2, Synthesis and Diels-Alder reactions of monothiono-n-nethylmaleimide. Ph.D. Thesis, The University of Alabama, 1994.	http://library.ua.edu/vwebv/holdingsInfo?bibId=821644	InChI=1S/C10H13NO3S/c1-11-9(13)6-3-5(12)4-7(14-2)8(6)10(11)15/h6-8H,3-4H2,1-2H3/t6-,7-,8-/m1/s1	InChI=1S/C10H13NO3S/c1-11-9(13)6-3-5(12)4-7(14-2)8(6)10(11)15/h6-8H,3-4H2,1-2H3/t6-,7-,8-/m1/s1	KOGJFTDIOXENGN-BWZBUEFSSA-N	KOGJFTDIOXENGN-BWZBUEFSSA-N	[H][C@@]12CC(=O)C[C@@H](OC)[C@]1([H])C(=S)N(C)C2=O	TRUE				
