DATASOURCE_REGID	SMILES_RDKIT_2019.09.2	SUBSTANCE_SYNONYM	SUBSTANCE_COMMENT	SUBSTANCE_URL	INCHI_1.05_RDKIT_2019.09.2	INCHIKEY_1.05_RDKIT_2019.09.2	INCHIKEY_1.05_CHEMAXON_19.27.0	SMILES_CHEMAXON_19.27.0	INCHIKEYS MATCH?	
UALIB-1315	COC1=CC(CCCO)=CC(OC)=C1OC	3-(3,4,5-Trimethoxyphenyl)-1-propanol	Lee, J.C. Total syntheses of colchicine and tropoloisoquinoline alkaloids. Ph.D. Thesis, The University of Alabama, 2000.	http://library.ua.edu/vwebv/holdingsInfo?bibId=1130327	InChI=1S/C12H18O4/c1-14-10-7-9(5-4-6-13)8-11(15-2)12(10)16-3/h7-8,13H,4-6H2,1-3H3	IBRWTCISGCXHQZ-UHFFFAOYSA-N	IBRWTCISGCXHQZ-UHFFFAOYSA-N	COC1=CC(CCCO)=CC(OC)=C1OC	TRUE	
UALIB-1316	COC1=CC(CCCO[Si](C(C)C)(C(C)C)C(C)C)=CC(OC)=C1OC	5-(3-Triisopropylsiloxypropyl)-1,2,3-trimethoxybenzene	Lee, J.C. Total syntheses of colchicine and tropoloisoquinoline alkaloids. Ph.D. Thesis, The University of Alabama, 2000.	http://library.ua.edu/vwebv/holdingsInfo?bibId=1130327	InChI=1S/C21H38O4Si/c1-15(2)26(16(3)4,17(5)6)25-12-10-11-18-13-19(22-7)21(24-9)20(14-18)23-8/h13-17H,10-12H2,1-9H3	RYKWWGOCRZEQDZ-UHFFFAOYSA-N	RYKWWGOCRZEQDZ-UHFFFAOYSA-N	COC1=CC(CCCO[Si](C(C)C)(C(C)C)C(C)C)=CC(OC)=C1OC	TRUE	
UALIB-1317	COC1=C(OC)C(OC)=C(I)C(CCCO[Si](C(C)C)(C(C)C)C(C)C)=C1	5-(3-Triisopropylsiloxypropyl)-4-iodo-1,2,3-trimethoxybenzene	Lee, J.C. Total syntheses of colchicine and tropoloisoquinoline alkaloids. Ph.D. Thesis, The University of Alabama, 2000.	http://library.ua.edu/vwebv/holdingsInfo?bibId=1130327	InChI=1S/C21H37IO4Si/c1-14(2)27(15(3)4,16(5)6)26-12-10-11-17-13-18(23-7)20(24-8)21(25-9)19(17)22/h13-16H,10-12H2,1-9H3	GJJIEPRUFKKMGQ-UHFFFAOYSA-N	GJJIEPRUFKKMGQ-UHFFFAOYSA-N	COC1=C(OC)C(OC)=C(I)C(CCCO[Si](C(C)C)(C(C)C)C(C)C)=C1	TRUE	
UALIB-1318	COC1=C(OC)C(OC)=C(C#C[Si](C)(C)C)C(CCCO[Si](C(C)C)(C(C)C)C(C)C)=C1	5-(3-Triisopropylsiloxypropyl)-4-(2-trimethylsilyethynyl)-1,2,3-trimethoxybenzene	Lee, J.C. Total syntheses of colchicine and tropoloisoquinoline alkaloids. Ph.D. Thesis, The University of Alabama, 2000.	http://library.ua.edu/vwebv/holdingsInfo?bibId=1130327	InChI=1S/C26H46O4Si2/c1-19(2)32(20(3)4,21(5)6)30-16-13-14-22-18-24(27-7)26(29-9)25(28-8)23(22)15-17-31(10,11)12/h18-21H,13-14,16H2,1-12H3	AOFJQXYUZMRMJL-UHFFFAOYSA-N	AOFJQXYUZMRMJL-UHFFFAOYSA-N	COC1=C(OC)C(OC)=C(C#C[Si](C)(C)C)C(CCCO[Si](C(C)C)(C(C)C)C(C)C)=C1	TRUE	
UALIB-1319	C#CC1=C(OC)C(OC)=C(OC)C=C1CCCO	3-(2-Ethynyl-3,4,5-trimethoxyphenyl)propan-1-ol	Lee, J.C. Total syntheses of colchicine and tropoloisoquinoline alkaloids. Ph.D. Thesis, The University of Alabama, 2000.	http://library.ua.edu/vwebv/holdingsInfo?bibId=1130327	InChI=1S/C14H18O4/c1-5-11-10(7-6-8-15)9-12(16-2)14(18-4)13(11)17-3/h1,9,15H,6-8H2,2-4H3	BJFQIKGJWOTJKR-UHFFFAOYSA-N	BJFQIKGJWOTJKR-UHFFFAOYSA-N	COC1=C(OC)C(OC)=C(C#C)C(CCCO)=C1	TRUE	
UALIB-1320	C#CC1=C(OC)C(OC)=C(OC)C=C1CCC(O)C(Cl)(Cl)Cl	4-(2-Ethynyl-3,4,5-trimethoxyphenyl)-1,1,1-trichloro-butan-2-ol	Lee, J.C. Total syntheses of colchicine and tropoloisoquinoline alkaloids. Ph.D. Thesis, The University of Alabama, 2000.	http://library.ua.edu/vwebv/holdingsInfo?bibId=1130327	InChI=1S/C15H17Cl3O4/c1-5-10-9(6-7-12(19)15(16,17)18)8-11(20-2)14(22-4)13(10)21-3/h1,8,12,19H,6-7H2,2-4H3	KIZRBZQSWRSYGN-UHFFFAOYSA-N	KIZRBZQSWRSYGN-UHFFFAOYSA-N	COC1=C(OC)C(OC)=C(C#C)C(CCC(O)C(Cl)(Cl)Cl)=C1	TRUE	
UALIB-1321	C#CC1=C(OC)C(OC)=C(OC)C=C1CCC(N=[N+]=[N-])C(=O)O	2-Azido-4-(2-Ethynyl-3,4,5-trimethoxyphenyl)-butanoic acid	Lee, J.C. Total syntheses of colchicine and tropoloisoquinoline alkaloids. Ph.D. Thesis, The University of Alabama, 2000.	http://library.ua.edu/vwebv/holdingsInfo?bibId=1130327	InChI=1S/C15H17N3O5/c1-5-10-9(6-7-11(15(19)20)17-18-16)8-12(21-2)14(23-4)13(10)22-3/h1,8,11H,6-7H2,2-4H3,(H,19,20)	CIEWFKQHCJKDOI-UHFFFAOYSA-N	CIEWFKQHCJKDOI-UHFFFAOYSA-N	COC1=C(OC)C(OC)=C(C#C)C(CCC(N=[N+]=[N-])C(O)=O)=C1	TRUE	
UALIB-1322	C#CC1=C(OC)C(OC)=C(OC)C=C1CCC(N=[N+]=[N-])C(=O)OC	Methyl [2-Azido-4-(2-ethynyl-3,4,5-trimethoxyphenyl)]butanoate	Lee, J.C. Total syntheses of colchicine and tropoloisoquinoline alkaloids. Ph.D. Thesis, The University of Alabama, 2000.	http://library.ua.edu/vwebv/holdingsInfo?bibId=1130327	InChI=1S/C16H19N3O5/c1-6-11-10(7-8-12(18-19-17)16(20)24-5)9-13(21-2)15(23-4)14(11)22-3/h1,9,12H,7-8H2,2-5H3	SLWWYMCEWAQHCT-UHFFFAOYSA-N	SLWWYMCEWAQHCT-UHFFFAOYSA-N	COC(=O)C(CCC1=CC(OC)=C(OC)C(OC)=C1C#C)N=[N+]=[N-]	TRUE	
UALIB-1323	C#CC1=C(OC)C(OC)=C(OC)C=C1CCC(N)C(=O)OC	Methyl [2-amino-4-(2-ethynyl-3,4,5-trimethoxyphenyl)]butanoate	Lee, J.C. Total syntheses of colchicine and tropoloisoquinoline alkaloids. Ph.D. Thesis, The University of Alabama, 2000.	http://library.ua.edu/vwebv/holdingsInfo?bibId=1130327	InChI=1S/C16H21NO5/c1-6-11-10(7-8-12(17)16(18)22-5)9-13(19-2)15(21-4)14(11)20-3/h1,9,12H,7-8,17H2,2-5H3	WCOFBUILQKPVFZ-UHFFFAOYSA-N	WCOFBUILQKPVFZ-UHFFFAOYSA-N	COC(=O)C(N)CCC1=CC(OC)=C(OC)C(OC)=C1C#C	TRUE	
UALIB-1324	C#CC1=C(OC)C(OC)=C(OC)C=C1CCC(NC(C)=O)C(=O)OC	Methyl [2-acetamido-4-(2-ethynyl-3,4,5-trimethoxyphenyl)]butanoate	Lee, J.C. Total syntheses of colchicine and tropoloisoquinoline alkaloids. Ph.D. Thesis, The University of Alabama, 2000.	http://library.ua.edu/vwebv/holdingsInfo?bibId=1130327	InChI=1S/C18H23NO6/c1-7-13-12(8-9-14(18(21)25-6)19-11(2)20)10-15(22-3)17(24-5)16(13)23-4/h1,10,14H,8-9H2,2-6H3,(H,19,20)	KKGZZKSGTSDWGD-UHFFFAOYSA-N	KKGZZKSGTSDWGD-UHFFFAOYSA-N	COC(=O)C(CCC1=CC(OC)=C(OC)C(OC)=C1C#C)NC(C)=O	TRUE	
UALIB-1325	C#CC1=C(OC)C(OC)=C(OC)C=C1CCC(O)C1=NC=CO1	3-(2-Ethynyl-3,4,5-trimethoxyphenyl)-1-(2,5-oxazolyl)propan-1-ol	Lee, J.C. Total syntheses of colchicine and tropoloisoquinoline alkaloids. Ph.D. Thesis, The University of Alabama, 2000.	http://library.ua.edu/vwebv/holdingsInfo?bibId=1130327	InChI=1S/C17H19NO5/c1-5-12-11(6-7-13(19)17-18-8-9-23-17)10-14(20-2)16(22-4)15(12)21-3/h1,8-10,13,19H,6-7H2,2-4H3	CCUABPOSKGFGQX-UHFFFAOYSA-N	CCUABPOSKGFGQX-UHFFFAOYSA-N	COC1=C(OC)C(OC)=C(C#C)C(CCC(O)C2=NC=CO2)=C1	TRUE	
UALIB-1326	C#CC1=C(OC)C(OC)=C(OC)C=C1CC[C@@H](O)C1=NC=CO1	(1R)-3-(2-Ethynyl-3,4,5-trimethoxyphenyl)-1-(2,5-oxazolyl)propan-1-ol	Lee, J.C. Total syntheses of colchicine and tropoloisoquinoline alkaloids. Ph.D. Thesis, The University of Alabama, 2000.	http://library.ua.edu/vwebv/holdingsInfo?bibId=1130327	InChI=1S/C17H19NO5/c1-5-12-11(6-7-13(19)17-18-8-9-23-17)10-14(20-2)16(22-4)15(12)21-3/h1,8-10,13,19H,6-7H2,2-4H3/t13-/m1/s1	CCUABPOSKGFGQX-CYBMUJFWSA-N	CCUABPOSKGFGQX-CYBMUJFWSA-N	COC1=C(OC)C(OC)=C(C#C)C(CC[C@@H](O)C2=NC=CO2)=C1	TRUE	
UALIB-1327	C#CC1=C(OC)C(OC)=C(OC)C=C1CC[C@H](N=[N+]=[N-])C1=NC=CO1	5-[(3S)-3-Azido-3-(2,5-oxazolyl)propyl]-4-ethynyl-1,2,3-trimethoxybenzene	Lee, J.C. Total syntheses of colchicine and tropoloisoquinoline alkaloids. Ph.D. Thesis, The University of Alabama, 2000.	http://library.ua.edu/vwebv/holdingsInfo?bibId=1130327	InChI=1S/C17H18N4O4/c1-5-12-11(10-14(22-2)16(24-4)15(12)23-3)6-7-13(20-21-18)17-19-8-9-25-17/h1,8-10,13H,6-7H2,2-4H3/t13-/m0/s1	LCZYOKKCUWOGCZ-ZDUSSCGKSA-N	LCZYOKKCUWOGCZ-ZDUSSCGKSA-N	COC1=C(OC)C(OC)=C(C#C)C(CC[C@H](N=[N+]=[N-])C2=NC=CO2)=C1	TRUE	
UALIB-1328	C#CC1=C(OC)C(OC)=C(OC)C=C1CC[C@H](NC(C)=O)C1=NC=CO1	(S)-N-Acetyl-3-(2-ethynyl-3,4,5-trimethoxyphenyl)-1-(2-oxazolyl)-propylamine	Lee, J.C. Total syntheses of colchicine and tropoloisoquinoline alkaloids. Ph.D. Thesis, The University of Alabama, 2000.	http://library.ua.edu/vwebv/holdingsInfo?bibId=1130327	InChI=1S/C19H22N2O5/c1-6-14-13(11-16(23-3)18(25-5)17(14)24-4)7-8-15(21-12(2)22)19-20-9-10-26-19/h1,9-11,15H,7-8H2,2-5H3,(H,21,22)/t15-/m0/s1	NVTMYILIAXJXBT-HNNXBMFYSA-N	NVTMYILIAXJXBT-HNNXBMFYSA-N	COC1=C(OC)C(OC)=C(C#C)C(CC[C@H](NC(C)=O)C2=NC=CO2)=C1	TRUE	
UALIB-1329	COC1=C(OC)C(OC)=C2C(=C1)CC[C@H](NC(C)=O)C1=C2C=CO1	(S)-N-7-Acetylamino-(12,13,14-Trimethoxy-5-oxatricyclo[8.4.0.0(2,6)]tetradeca-1(10),2(6),3,11,13-pentaene	Lee, J.C. Total syntheses of colchicine and tropoloisoquinoline alkaloids. Ph.D. Thesis, The University of Alabama, 2000.	http://library.ua.edu/vwebv/holdingsInfo?bibId=1130327	InChI=1S/C18H21NO5/c1-10(20)19-13-6-5-11-9-14(21-2)17(22-3)18(23-4)15(11)12-7-8-24-16(12)13/h7-9,13H,5-6H2,1-4H3,(H,19,20)/t13-/m0/s1	LALCTSJFOCTOCE-ZDUSSCGKSA-N	LALCTSJFOCTOCE-ZDUSSCGKSA-N	COC1=C(OC)C(OC)=C2C3=C(OC=C3)[C@H](CCC2=C1)NC(C)=O	TRUE	
UALIB-1330	COC(=O)[C@H](CC(=O)C1=CC(OC)=C(OC)C(OC)=C1)NC(=O)OC(C)(C)C	(2S)-Methyl-[2-tert-butoxycarbonylamino-4-oxo-4-(3,4,5-trimethoxyphenyl)]butanoate	Lee, J.C. Total syntheses of colchicine and tropoloisoquinoline alkaloids. Ph.D. Thesis, The University of Alabama, 2000.	http://library.ua.edu/vwebv/holdingsInfo?bibId=1130327	InChI=1S/C19H27NO8/c1-19(2,3)28-18(23)20-12(17(22)27-7)10-13(21)11-8-14(24-4)16(26-6)15(9-11)25-5/h8-9,12H,10H2,1-7H3,(H,20,23)/t12-/m0/s1	YOLNPHZGTWKUDN-LBPRGKRZSA-N	YOLNPHZGTWKUDN-LBPRGKRZSA-N	COC(=O)[C@H](CC(=O)C1=CC(OC)=C(OC)C(OC)=C1)NC(=O)OC(C)(C)C	TRUE	
UALIB-1331	COC(=O)[C@H](CCC1=CC(OC)=C(OC)C(OC)=C1)NC(=O)OC(C)(C)C	(2S)-Methyl-[2-tert-butoxycarbonylamino-4-(3,4,5-trimethoxyphenyl)]butanoate	Lee, J.C. Total syntheses of colchicine and tropoloisoquinoline alkaloids. Ph.D. Thesis, The University of Alabama, 2000.	http://library.ua.edu/vwebv/holdingsInfo?bibId=1130327	InChI=1S/C19H29NO7/c1-19(2,3)27-18(22)20-13(17(21)26-7)9-8-12-10-14(23-4)16(25-6)15(11-12)24-5/h10-11,13H,8-9H2,1-7H3,(H,20,22)/t13-/m0/s1	SZZYPMVELZLVNS-ZDUSSCGKSA-N	SZZYPMVELZLVNS-ZDUSSCGKSA-N	COC(=O)[C@H](CCC1=CC(OC)=C(OC)C(OC)=C1)NC(=O)OC(C)(C)C	TRUE	
UALIB-1332	COC(=O)[C@H](CCC1=CC(OC)=C(OC)C(OC)=C1I)NC(=O)OC(C)(C)C	(2S)-Methyl-[2-tert-butoxycarbonylamino-4-(2-iodo-3,4,5-trimethoxyphenyl)]butanoate	Lee, J.C. Total syntheses of colchicine and tropoloisoquinoline alkaloids. Ph.D. Thesis, The University of Alabama, 2000.	http://library.ua.edu/vwebv/holdingsInfo?bibId=1130327	InChI=1S/C19H28INO7/c1-19(2,3)28-18(23)21-12(17(22)27-7)9-8-11-10-13(24-4)15(25-5)16(26-6)14(11)20/h10,12H,8-9H2,1-7H3,(H,21,23)/t12-/m0/s1	JYORUABUAIYCRD-LBPRGKRZSA-N	JYORUABUAIYCRD-LBPRGKRZSA-N	COC(=O)[C@H](CCC1=CC(OC)=C(OC)C(OC)=C1I)NC(=O)OC(C)(C)C	TRUE	
UALIB-1333	COC(=O)[C@H](CCC1=CC(OC)=C(OC)C(OC)=C1I)NC(C)=O	(2S)-Methyl-[2-acetamido-4-(2-iodo-3,4,5-trimethoxyphenyl)]butanoate	Lee, J.C. Total syntheses of colchicine and tropoloisoquinoline alkaloids. Ph.D. Thesis, The University of Alabama, 2000.	http://library.ua.edu/vwebv/holdingsInfo?bibId=1130327	InChI=1S/C16H22INO6/c1-9(19)18-11(16(20)24-5)7-6-10-8-12(21-2)14(22-3)15(23-4)13(10)17/h8,11H,6-7H2,1-5H3,(H,18,19)/t11-/m0/s1	PHHRIGWNXYMPOA-NSHDSACASA-N	PHHRIGWNXYMPOA-NSHDSACASA-N	COC(=O)[C@H](CCC1=CC(OC)=C(OC)C(OC)=C1I)NC(C)=O	TRUE	
UALIB-1334	COC(=O)[C@H](CCC1=CC(OC)=C(OC)C(OC)=C1C#C[Si](C)(C)C)NC(C)=O	(2S)-Methyl-[2-acetamido-4-(2-trimethylsilylethynyl-3,4,5-trimethoxyphenyl)]butanoate	Lee, J.C. Total syntheses of colchicine and tropoloisoquinoline alkaloids. Ph.D. Thesis, The University of Alabama, 2000.	http://library.ua.edu/vwebv/holdingsInfo?bibId=1130327	InChI=1S/C21H31NO6Si/c1-14(23)22-17(21(24)28-5)10-9-15-13-18(25-2)20(27-4)19(26-3)16(15)11-12-29(6,7)8/h13,17H,9-10H2,1-8H3,(H,22,23)/t17-/m0/s1	WRCMKNKNFWGUHZ-KRWDZBQOSA-N	WRCMKNKNFWGUHZ-KRWDZBQOSA-N	COC(=O)[C@H](CCC1=CC(OC)=C(OC)C(OC)=C1C#C[Si](C)(C)C)NC(C)=O	TRUE	
UALIB-1335	C#CC1=C(OC)C(OC)=C(OC)C=C1CC[C@H](NC(C)=O)C(=O)OC	(2S)-Methyl-[2-acetamido-4-(2-ethynyl-3,4,5-trimethoxy)phenyl)]butanoate	Lee, J.C. Total syntheses of colchicine and tropoloisoquinoline alkaloids. Ph.D. Thesis, The University of Alabama, 2000.	http://library.ua.edu/vwebv/holdingsInfo?bibId=1130327	InChI=1S/C18H23NO6/c1-7-13-12(8-9-14(18(21)25-6)19-11(2)20)10-15(22-3)17(24-5)16(13)23-4/h1,10,14H,8-9H2,2-6H3,(H,19,20)/t14-/m0/s1	KKGZZKSGTSDWGD-AWEZNQCLSA-N	KKGZZKSGTSDWGD-AWEZNQCLSA-N	COC(=O)[C@H](CCC1=CC(OC)=C(OC)C(OC)=C1C#C)NC(C)=O	TRUE	
UALIB-1336	C#CC1=C(OC)C(OC)=C(OC)C=C1CC[C@H](NC(C)=O)C1=CN=CO1	(S)-N-Acetyl-3-(2-ethynyl-3,4,5-trimethoxyphenyl)-1-(5-oxazolyl)-propylamine	Lee, J.C. Total syntheses of colchicine and tropoloisoquinoline alkaloids. Ph.D. Thesis, The University of Alabama, 2000.	http://library.ua.edu/vwebv/holdingsInfo?bibId=1130327	InChI=1S/C19H22N2O5/c1-6-14-13(9-16(23-3)19(25-5)18(14)24-4)7-8-15(21-12(2)22)17-10-20-11-26-17/h1,9-11,15H,7-8H2,2-5H3,(H,21,22)/t15-/m0/s1	LLNHQAXFZVOCCZ-HNNXBMFYSA-N	LLNHQAXFZVOCCZ-HNNXBMFYSA-N	COC1=C(OC)C(OC)=C(C#C)C(CC[C@H](NC(C)=O)C2=CN=CO2)=C1	TRUE	
UALIB-1337	COC1=C(OC)C(OC)=C2C(=C1)CC[C@H](NC(=O)OC(C)(C)C)C1=C2C=CO1	(S)-7-tert-Butoxycarbonylamino-(12,13,14-trimethoxy-5-oxatricyclo[8.4.0.0(2,6)]tetradeca-1(10),2(6),3,11,13-pentaene	Lee, J.C. Total syntheses of colchicine and tropoloisoquinoline alkaloids. Ph.D. Thesis, The University of Alabama, 2000.	http://library.ua.edu/vwebv/holdingsInfo?bibId=1130327	InChI=1S/C21H27NO6/c1-21(2,3)28-20(23)22-14-8-7-12-11-15(24-4)18(25-5)19(26-6)16(12)13-9-10-27-17(13)14/h9-11,14H,7-8H2,1-6H3,(H,22,23)/t14-/m0/s1	JOCPYWAPPPIGLF-AWEZNQCLSA-N	JOCPYWAPPPIGLF-AWEZNQCLSA-N	COC1=C(OC)C(OC)=C2C3=C(OC=C3)[C@H](CCC2=C1)NC(=O)OC(C)(C)C	TRUE	
UALIB-1338	COC1=C(OC)C(OC)=C2C3=C[C@H]4O[C@@]3(CC(=O)[C@H]4OC)[C@@H](NC(=O)OC(C)(C)C)CCC2=C1	(1R,2S,13R,14S)-2-tert-Butoxycarbonylamino-7,8,9,14-tetramethoxy-17-oxatetracyclo[11.3.1.0(1,11).0(5,10)]heptadeca-5(10),6,8,11(12)-tetraen-15-one	Lee, J.C. Total syntheses of colchicine and tropoloisoquinoline alkaloids. Ph.D. Thesis, The University of Alabama, 2000.	http://library.ua.edu/vwebv/holdingsInfo?bibId=1130327	InChI=1S/C25H33NO8/c1-24(2,3)34-23(28)26-18-9-8-13-10-16(29-4)21(31-6)22(32-7)19(13)14-11-17-20(30-5)15(27)12-25(14,18)33-17/h10-11,17-18,20H,8-9,12H2,1-7H3,(H,26,28)/t17-,18+,20-,25-/m1/s1	STRRXEMMNAOOPL-MHDHIAOQSA-N	STRRXEMMNAOOPL-MHDHIAOQSA-N	CO[C@H]1[C@@H]2O[C@@]3(CC1=O)[C@H](CCC1=CC(OC)=C(OC)C(OC)=C1C3=C2)NC(=O)OC(C)(C)C	TRUE	
UALIB-1339	COC1=C(OC)C(OC)=C2C3=C[C@H]4CC(=O)[C@H](OC)[C@@]3(O4)[C@@H](NC(C)=O)CCC2=C1	(1S,2S,13S,16R)-2-Acetamido-7,8,9,16-tetramethoxy-17-oxatetracyclo[11.3.1.0(1,11).0(5,10)]heptadeca-5(10),6,8,11(12)-tetraen-15-one	Lee, J.C. Total syntheses of colchicine and tropoloisoquinoline alkaloids. Ph.D. Thesis, The University of Alabama, 2000.	http://library.ua.edu/vwebv/holdingsInfo?bibId=1130327	InChI=1S/C22H27NO7/c1-11(24)23-17-7-6-12-8-16(26-2)19(27-3)20(28-4)18(12)14-9-13-10-15(25)21(29-5)22(14,17)30-13/h8-9,13,17,21H,6-7,10H2,1-5H3,(H,23,24)/t13-,17-,21-,22-/m0/s1	HOJWMQSXRLFSOC-IGPXYBRXSA-N	HOJWMQSXRLFSOC-IGPXYBRXSA-N	CO[C@H]1C(=O)C[C@H]2O[C@@]11[C@H](CCC3=CC(OC)=C(OC)C(OC)=C3C1=C2)NC(C)=O	TRUE	
UALIB-1340	COC1=C(OC)C(OC)=C2C(=C1)CC[C@H](NC(=O)OC(C)(C)C)C1=CC(=O)C(OC)=CC=C12	(S)-7-tert-Butoxycarbonylamino-6,7-dihydro-1,2,3,10-tetramethoxybenzo[a]heptalene-9(5H)-one	Lee, J.C. Total syntheses of colchicine and tropoloisoquinoline alkaloids. Ph.D. Thesis, The University of Alabama, 2000.	http://library.ua.edu/vwebv/holdingsInfo?bibId=1130327	InChI=1S/C25H31NO7/c1-25(2,3)33-24(28)26-17-10-8-14-12-20(30-5)22(31-6)23(32-7)21(14)15-9-11-19(29-4)18(27)13-16(15)17/h9,11-13,17H,8,10H2,1-7H3,(H,26,28)/t17-/m0/s1	RAMUUTDCIDNGQY-KRWDZBQOSA-N	RAMUUTDCIDNGQY-KRWDZBQOSA-N	COC1=C(OC)C(OC)=C2C(CC[C@H](NC(=O)OC(C)(C)C)C3=CC(=O)C(OC)=CC=C23)=C1	TRUE	
UALIB-1341	COC1=C(OC)C(OC)=C2C(=C1)CC[C@H](NC(C)=O)C1=CC(=O)C(OC)=CC=C12	Colchicine	Lee, J.C. Total syntheses of colchicine and tropoloisoquinoline alkaloids. Ph.D. Thesis, The University of Alabama, 2000.	http://library.ua.edu/vwebv/holdingsInfo?bibId=1130327	InChI=1S/C22H25NO6/c1-12(24)23-16-8-6-13-10-19(27-3)21(28-4)22(29-5)20(13)14-7-9-18(26-2)17(25)11-15(14)16/h7,9-11,16H,6,8H2,1-5H3,(H,23,24)/t16-/m0/s1	IAKHMKGGTNLKSZ-INIZCTEOSA-N	IAKHMKGGTNLKSZ-INIZCTEOSA-N	COC1=C(OC)C(OC)=C2C(CC[C@H](NC(C)=O)C3=CC(=O)C(OC)=CC=C23)=C1	TRUE	
UALIB-1342	O=C1C=CC=CC=C1	2,4,6-Cycloheptatriene-1-one	Lee, J.C. Total syntheses of colchicine and tropoloisoquinoline alkaloids. Ph.D. Thesis, The University of Alabama, 2000.	http://library.ua.edu/vwebv/holdingsInfo?bibId=1130327	InChI=1S/C7H6O/c8-7-5-3-1-2-4-6-7/h1-6H	QVWDCTQRORVHHT-UHFFFAOYSA-N	QVWDCTQRORVHHT-UHFFFAOYSA-N	O=C1C=CC=CC=C1	TRUE	
UALIB-1343	O=C1C=CC=CC=C1O	2-Hydroxy-2,4,6-cycloheptatriene-1-one	Lee, J.C. Total syntheses of colchicine and tropoloisoquinoline alkaloids. Ph.D. Thesis, The University of Alabama, 2000.	http://library.ua.edu/vwebv/holdingsInfo?bibId=1130327	InChI=1S/C7H6O2/c8-6-4-2-1-3-5-7(6)9/h1-5H,(H,8,9)	MDYOLVRUBBJPFM-UHFFFAOYSA-N	MDYOLVRUBBJPFM-UHFFFAOYSA-N	OC1=CC=CC=CC1=O	TRUE	
UALIB-1344	COC1=C(OC)C(OC)=CC(CN(CC(OC)OC)S(=O)(=O)C2=CC=C(C)C=C2)=C1	N-(2,2-Dimethoxyethyl)-N-[(3,4,5-trimethoxyphenyl)methyl]-p-toluenesolfonamide	Lee, J.C. Total syntheses of colchicine and tropoloisoquinoline alkaloids. Ph.D. Thesis, The University of Alabama, 2000.	http://library.ua.edu/vwebv/holdingsInfo?bibId=1130327	InChI=1S/C21H29NO7S/c1-15-7-9-17(10-8-15)30(23,24)22(14-20(27-4)28-5)13-16-11-18(25-2)21(29-6)19(12-16)26-3/h7-12,20H,13-14H2,1-6H3	LHFIPOQEWIBEIN-UHFFFAOYSA-N	LHFIPOQEWIBEIN-UHFFFAOYSA-N	COC(CN(CC1=CC(OC)=C(OC)C(OC)=C1)S(=O)(=O)C1=CC=C(C)C=C1)OC	TRUE	
UALIB-1345	COC1=CC(CN(CC(OC)OC)S(=O)(=O)C2=CC=C(C)C=C2)=C(I)C(OC)=C1OC	N-(2,2-Dimethoxyethyl)-N-[(2-iodo-3,4,5-trimethoxyphenyl)methyl]-p-toluenesolfonamide	Lee, J.C. Total syntheses of colchicine and tropoloisoquinoline alkaloids. Ph.D. Thesis, The University of Alabama, 2000.	http://library.ua.edu/vwebv/holdingsInfo?bibId=1130327	InChI=1S/C21H28INO7S/c1-14-7-9-16(10-8-14)31(24,25)23(13-18(27-3)28-4)12-15-11-17(26-2)20(29-5)21(30-6)19(15)22/h7-11,18H,12-13H2,1-6H3	WSNMMJIGIBFIFV-UHFFFAOYSA-N	WSNMMJIGIBFIFV-UHFFFAOYSA-N	COC(CN(CC1=C(I)C(OC)=C(OC)C(OC)=C1)S(=O)(=O)C1=CC=C(C)C=C1)OC	TRUE	
UALIB-1346	COC1=C(I)C2=C(C=CN=C2)C(OC)=C1OC	8-Iodo-5,6,7-trimethoxyisoquinoline	Lee, J.C. Total syntheses of colchicine and tropoloisoquinoline alkaloids. Ph.D. Thesis, The University of Alabama, 2000.	http://library.ua.edu/vwebv/holdingsInfo?bibId=1130327	InChI=1S/C12H12INO3/c1-15-10-7-4-5-14-6-8(7)9(13)11(16-2)12(10)17-3/h4-6H,1-3H3	LWLTVZWNJAJRAY-UHFFFAOYSA-N	LWLTVZWNJAJRAY-UHFFFAOYSA-N	COC1=C(I)C2=C(C=CN=C2)C(OC)=C1OC	TRUE	
UALIB-1347	COC1=C(C#C[Si](C)(C)C)C2=C(C=CN=C2)C(OC)=C1OC	8-(2-trimethylsilylethynyl)-5,6,7-trimethoxyisoquinoline	Lee, J.C. Total syntheses of colchicine and tropoloisoquinoline alkaloids. Ph.D. Thesis, The University of Alabama, 2000.	http://library.ua.edu/vwebv/holdingsInfo?bibId=1130327	InChI=1S/C17H21NO3Si/c1-19-15-12-7-9-18-11-14(12)13(8-10-22(4,5)6)16(20-2)17(15)21-3/h7,9,11H,1-6H3	WCAMYTWLFNDFFZ-UHFFFAOYSA-N	WCAMYTWLFNDFFZ-UHFFFAOYSA-N	COC1=C(OC)C2=C(C=NC=C2)C(C#C[Si](C)(C)C)=C1OC	TRUE	
UALIB-1348	C#CC1=C(OC)C(OC)=C(OC)C2=C1C=NC=C2	8-Ethynyl-5,6,7-trimethoxyisoquinoline	Lee, J.C. Total syntheses of colchicine and tropoloisoquinoline alkaloids. Ph.D. Thesis, The University of Alabama, 2000.	http://library.ua.edu/vwebv/holdingsInfo?bibId=1130327	InChI=1S/C14H13NO3/c1-5-9-11-8-15-7-6-10(11)13(17-3)14(18-4)12(9)16-2/h1,6-8H,2-4H3	XQYPCEXVWDAHOV-UHFFFAOYSA-N	XQYPCEXVWDAHOV-UHFFFAOYSA-N	[H]C#CC1=C(OC)C(OC)=C(OC)C2=C1C=NC=C2	TRUE	
UALIB-1349	C#CC1=C(OC)C(OC)=C(OC)C2=C1C(C#N)N(C(=O)OC(C)(C)C)C=C2	tert-Butyl-1-cyano-8-ethynyl-5,6,7-trimethoxy-1,2-dihydroisoquinoline-2-carboxylate	Lee, J.C. Total syntheses of colchicine and tropoloisoquinoline alkaloids. Ph.D. Thesis, The University of Alabama, 2000.	http://library.ua.edu/vwebv/holdingsInfo?bibId=1130327	InChI=1S/C20H22N2O5/c1-8-12-15-13(17(25-6)18(26-7)16(12)24-5)9-10-22(14(15)11-21)19(23)27-20(2,3)4/h1,9-10,14H,2-7H3	ZQLCMVBWSHZOFB-UHFFFAOYSA-N	ZQLCMVBWSHZOFB-UHFFFAOYSA-N	[H]C#CC1=C(OC)C(OC)=C(OC)C2=C1C(C#N)N(C=C2)C(=O)OC(C)(C)C	TRUE	
UALIB-1350	C#CC1=C(OC)C(OC)=C(OC)C2=C1C(C1=CN=CO1)N(C(=O)OC(C)(C)C)C=C2	tert-Butyl-8-ethynyl-5,6,7-trimethoxy-1-(2,4-oxazolyl)-1,2-dihydroisoquinoline-2-carboxylate	Lee, J.C. Total syntheses of colchicine and tropoloisoquinoline alkaloids. Ph.D. Thesis, The University of Alabama, 2000.	http://library.ua.edu/vwebv/holdingsInfo?bibId=1130327	InChI=1S/C22H24N2O6/c1-8-13-16-14(19(27-6)20(28-7)18(13)26-5)9-10-24(21(25)30-22(2,3)4)17(16)15-11-23-12-29-15/h1,9-12,17H,2-7H3	VKMUPQWAPIMGGA-UHFFFAOYSA-N	VKMUPQWAPIMGGA-UHFFFAOYSA-N	[H]C#CC1=C(OC)C(OC)=C(OC)C2=C1C(N(C=C2)C(=O)OC(C)(C)C)C1=CN=CO1	TRUE	
UALIB-1351	COC1=C(OC)C2=C3C(=NC=C2)C2=C(C=CO2)C3=C1OC	8-(Azaethylidene)-7-ethenyl-4,5,6-trimethoxyindeno[2,3-b]furan	Lee, J.C. Total syntheses of colchicine and tropoloisoquinoline alkaloids. Ph.D. Thesis, The University of Alabama, 2000.	http://library.ua.edu/vwebv/holdingsInfo?bibId=1130327	InChI=1S/C16H13NO4/c1-18-14-8-4-6-17-12-10(8)11(9-5-7-21-13(9)12)15(19-2)16(14)20-3/h4-7H,1-3H3	PACLQMIDZGHFGS-UHFFFAOYSA-N	PACLQMIDZGHFGS-UHFFFAOYSA-N	COC1=C2C3=C(OC=C3)C3=NC=CC(=C23)C(OC)=C1OC	TRUE	
UALIB-1352	COC1=C(OC)C2=C3C(=NC=C2)[C@@]24CC(=O)[C@@H](OC)[C@@H](C=C2C3=C1OC)O4	16-Aza-5-methoxy-10,11,12-trimethoxy-18-oxapentacyclo[7.7.1.1(2,6).0(2,8).0(13,17)]octadeca-1(16),7,9(10),11,13(17),14-hexaen-4-one	Lee, J.C. Total syntheses of colchicine and tropoloisoquinoline alkaloids. Ph.D. Thesis, The University of Alabama, 2000.	http://library.ua.edu/vwebv/holdingsInfo?bibId=1130327	InChI=1S/C20H19NO6/c1-23-15-9-5-6-21-19-13(9)14(17(25-3)18(15)26-4)10-7-12-16(24-2)11(22)8-20(10,19)27-12/h5-7,12,16H,8H2,1-4H3/t12-,16-,20-/m1/s1	AOUKKRXCLZAKAE-CBLJQSSYSA-N	AOUKKRXCLZAKAE-ZWTQSMTMSA-N	CO[C@H]1[C@@H]2O[C@]3(CC1=O)C(=C2)C1=C(OC)C(OC)=C(OC)C2=C1C3=NC=C2	FALSE	identified as possible 2D coordinate issue in ChemAxon. Reported this to them. 
UALIB-1353	COC1=C(OC)C2=C3C(=NC=C2)C24OC(C=C2C3=C1OC)CC(=O)C4OC	16-Aza-3-methoxy-10,11,12-trimethoxy-18-oxapentacyclo[7.7.1.1(2,6).0(2,8).0(13,17)]octadeca-1(16),7,9(10),11,13(17),14-hexaen-4-one	Lee, J.C. Total syntheses of colchicine and tropoloisoquinoline alkaloids. Ph.D. Thesis, The University of Alabama, 2000.	http://library.ua.edu/vwebv/holdingsInfo?bibId=1130327	InChI=1S/C20H19NO6/c1-23-15-10-5-6-21-18-13(10)14(16(24-2)17(15)25-3)11-7-9-8-12(22)19(26-4)20(11,18)27-9/h5-7,9,19H,8H2,1-4H3	WZROGWDVHCBJKZ-UHFFFAOYSA-N	WZROGWDVHCBJKZ-UHFFFAOYSA-N	COC1C(=O)CC2OC11C(=C2)C2=C(OC)C(OC)=C(OC)C3=C2C1=NC=C3	TRUE	
UALIB-1354	COC1=C(OC)C2=C3C(=NC=C2)C2=CC(=O)C(OC)=CC=C2C3=C1OC	Imerubrine	Lee, J.C. Total syntheses of colchicine and tropoloisoquinoline alkaloids. Ph.D. Thesis, The University of Alabama, 2000.	http://library.ua.edu/vwebv/holdingsInfo?bibId=1130327	InChI=1S/C20H17NO5/c1-23-14-6-5-10-12(9-13(14)22)17-15-11(7-8-21-17)18(24-2)20(26-4)19(25-3)16(10)15/h5-9H,1-4H3	UNLMKMRFVJZAEV-UHFFFAOYSA-N	UNLMKMRFVJZAEV-UHFFFAOYSA-N	COC1=C2C3=CC=C(OC)C(=O)C=C3C3=NC=CC(=C23)C(OC)=C1OC	TRUE	
UALIB-1355	COC1=C(OC)C2=C3C(=NC=C2)[C@@]24CC(=O)C[C@@H](C=C2C3=C1OC)O4	16-Aza-10,11,12-trimethoxy-18-oxapentacyclo[7.7.1.1(2,6).0(2,8).0(13,17)]octadeca-1(16),7,9(10),11,13(17),14-hexaen-4-one	Lee, J.C. Total syntheses of colchicine and tropoloisoquinoline alkaloids. Ph.D. Thesis, The University of Alabama, 2000.	http://library.ua.edu/vwebv/holdingsInfo?bibId=1130327	InChI=1S/C19H17NO5/c1-22-15-11-4-5-20-18-13(11)14(16(23-2)17(15)24-3)12-7-10-6-9(21)8-19(12,18)25-10/h4-5,7,10H,6,8H2,1-3H3/t10-,19+/m0/s1	IKHRJKQKLXOEJC-APBUJDDRSA-N	IKHRJKQKLXOEJC-MPFOBBLXSA-N	COC1=C2C3=C[C@@H]4CC(=O)C[C@]3(O4)C3=NC=CC(=C23)C(OC)=C1OC	FALSE	identified as possible 2D coordinate issue in ChemAxon. Reported this to them. 
UALIB-1356	COC1=C(OC)C2=C3C(=NC=C2)[C@@]24CC(OC)(OC)[C@@H](O)[C@@H](C=C2C3=C1OC)O4	16-Aza-4,4-dimethoxy-10,11,12-trimethoxy-18-oxapentacyclo[7.7.1.1(2,6).0(2,8).0(13,17)]octadeca-1(16),7,9(10),11,13(17),14-hexaen-5-ol	Lee, J.C. Total syntheses of colchicine and tropoloisoquinoline alkaloids. Ph.D. Thesis, The University of Alabama, 2000.	http://library.ua.edu/vwebv/holdingsInfo?bibId=1130327	InChI=1S/C21H23NO7/c1-24-15-10-6-7-22-18-13(10)14(16(25-2)17(15)26-3)11-8-12-19(23)21(27-4,28-5)9-20(11,18)29-12/h6-8,12,19,23H,9H2,1-5H3/t12-,19+,20-/m1/s1	AQGNWQLNNQHXLP-OITMNORJSA-N	AQGNWQLNNQHXLP-IWSJWDQHSA-N	COC1=C2C3=C[C@H]4O[C@@]3(CC(OC)(OC)[C@H]4O)C3=NC=CC(=C23)C(OC)=C1OC	FALSE	identified as possible 2D coordinate issue in ChemAxon. Reported this to them. 
UALIB-1357	COC1=C(OC)C2=C3C(=NC=C2)[C@@]24CC(=O)[C@@H](O)[C@@H](C=C2C3=C1OC)O4	16-Aza-5-hydroxy-10,11,12-trimethoxy-18-oxapentacyclo[7.7.1.1(2,6).0(2,8).0(13,17)]octadeca-1(16),7,9(10),11,13(17),14-hexaen-4-one	Lee, J.C. Total syntheses of colchicine and tropoloisoquinoline alkaloids. Ph.D. Thesis, The University of Alabama, 2000.	http://library.ua.edu/vwebv/holdingsInfo?bibId=1130327	InChI=1S/C19H17NO6/c1-23-15-8-4-5-20-18-12(8)13(16(24-2)17(15)25-3)9-6-11-14(22)10(21)7-19(9,18)26-11/h4-6,11,14,22H,7H2,1-3H3/t11-,14-,19-/m1/s1	BPRDLKXSSKXWGH-FRGNPEFRSA-N	BPRDLKXSSKXWGH-RVMQYVRESA-N	COC1=C2C3=C[C@H]4O[C@@]3(CC(=O)[C@H]4O)C3=NC=CC(=C23)C(OC)=C1OC	FALSE	identified as possible 2D coordinate issue in ChemAxon. Reported this to them. 
UALIB-1358	COC1=C(OC)C2=C3C(=NC=C2)C2=CC(=O)C(O)=CC=C2C3=C1OC	Grandirubrine	Lee, J.C. Total syntheses of colchicine and tropoloisoquinoline alkaloids. Ph.D. Thesis, The University of Alabama, 2000.	http://library.ua.edu/vwebv/holdingsInfo?bibId=1130327	InChI=1S/C19H15NO5/c1-23-17-10-6-7-20-16-11-8-13(22)12(21)5-4-9(11)15(14(10)16)18(24-2)19(17)25-3/h4-8H,1-3H3,(H,21,22)	SKNSHDGCCINVFT-UHFFFAOYSA-N	SKNSHDGCCINVFT-UHFFFAOYSA-N	COC1=C2C3=CC=C(O)C(=O)C=C3C3=NC=CC(=C23)C(OC)=C1OC	TRUE	
UALIB-1359	COC1=C(OC)C2=C3C(=NC=C2)C2=C(C=CC(=O)C(OC)=C2)C3=C1OC	Isoimerubrine	Lee, J.C. Total syntheses of colchicine and tropoloisoquinoline alkaloids. Ph.D. Thesis, The University of Alabama, 2000.	http://library.ua.edu/vwebv/holdingsInfo?bibId=1130327	InChI=1S/C20H17NO5/c1-23-14-9-12-10(5-6-13(14)22)16-15-11(7-8-21-17(12)15)18(24-2)20(26-4)19(16)25-3/h5-9H,1-4H3	LSZCTBVMSGTFLL-UHFFFAOYSA-N	LSZCTBVMSGTFLL-UHFFFAOYSA-N	COC1=C2C3=C(C=C(OC)C(=O)C=C3)C3=NC=CC(=C23)C(OC)=C1OC	TRUE	
UALIB-1360	C#CC1=C(OC)C(OC)=C(OC)C=C1CCC=O	aldehyde 71a	Lee, J.C. Total syntheses of colchicine and tropoloisoquinoline alkaloids. Ph.D. Thesis, The University of Alabama, 2000.	http://library.ua.edu/vwebv/holdingsInfo?bibId=1130327	InChI=1S/C14H16O4/c1-5-11-10(7-6-8-15)9-12(16-2)14(18-4)13(11)17-3/h1,8-9H,6-7H2,2-4H3	OLFAEBUPLDFZFY-UHFFFAOYSA-N	OLFAEBUPLDFZFY-UHFFFAOYSA-N	[H]C(=O)CCC1=CC(OC)=C(OC)C(OC)=C1C#C	TRUE	
UALIB-1361	C#CC1=C(OC)C(OC)=C(OC)C=C1CCC(=O)C1=NC=CO1	ketone 72a	Lee, J.C. Total syntheses of colchicine and tropoloisoquinoline alkaloids. Ph.D. Thesis, The University of Alabama, 2000.	http://library.ua.edu/vwebv/holdingsInfo?bibId=1130327	InChI=1S/C17H17NO5/c1-5-12-11(6-7-13(19)17-18-8-9-23-17)10-14(20-2)16(22-4)15(12)21-3/h1,8-10H,6-7H2,2-4H3	TUJWGLZXIRXLPE-UHFFFAOYSA-N	TUJWGLZXIRXLPE-UHFFFAOYSA-N	COC1=C(OC)C(OC)=C(C#C)C(CCC(=O)C2=NC=CO2)=C1	TRUE	
UALIB-1362	COC1=C(OC)C(OC)=C2C(=C1)CC[C@H](N(C(C)=O)C(=O)OC(C)(C)C)C1=C2C=CO1	acetamide 39a	Lee, J.C. Total syntheses of colchicine and tropoloisoquinoline alkaloids. Ph.D. Thesis, The University of Alabama, 2000.	http://library.ua.edu/vwebv/holdingsInfo?bibId=1130327	InChI=1S/C23H29NO7/c1-13(25)24(22(26)31-23(2,3)4)16-9-8-14-12-17(27-5)20(28-6)21(29-7)18(14)15-10-11-30-19(15)16/h10-12,16H,8-9H2,1-7H3/t16-/m0/s1	GBWUTVVPMNSRSY-INIZCTEOSA-N	GBWUTVVPMNSRSY-INIZCTEOSA-N	COC1=C(OC)C(OC)=C2C3=C(OC=C3)[C@H](CCC2=C1)N(C(C)=O)C(=O)OC(C)(C)C	TRUE	
