Year	Thesis Citation	Permalink	UA Accession Number	Type	Thesis Advisor	Associated Final Number of Files for IR 	GitHub File Location 1 for IR	File Name 1 for IR	GitHub File Location 2 for IR	File Name 2 for IR	GitHub File Location 3 for IR	File Name 3 for IR
2014	Moore, J. N. Synthesis and application of sterically flexible and water-soluble phosphine ligands in palladium catalysis. Ph.D. Dissertation, The University of Alabama, 2014.	https://ir.ua.edu/handle/123456789/2050	ua.3945508	Ph.D. Thesis	Shaughnessy, K.H.	1	UALIB_ChemStructures/old_workflow_UALIB_1-338/	2014_Moore_JN_UA.3945508_substances.sdf				
1999	Hughes, T. V. Part 1, Synthetic approaches to indole/imidazole marine alkaloids; Part 2, 1-Cyanobenzotriazole as a cyanating agent ; Part 3, Synthesis of potential molecular rectifiers. Ph.D. Dissertation, The University of Alabama, 1999.	http://library.ua.edu/vwebv/holdingsInfo?bibId=1016924	ua.1016924	Ph.D. Thesis	Cava, M.P.	1	UALIB_ChemStructures/old_workflow_UALIB_1-338/	1999_Hughes_TV_UA_1016924_substances.sdf				
1999	Ha, J.D. Total Synthesis of Clavepictines A and B. Ph.D. Dissertation, The University of Alabama, 1999. 	http://library.ua.edu/vwebv/holdingsInfo?bibId=1053962	ua.1053962	Ph.D. Thesis	Cha, J.K.	1	UALIB_ChemStructures/old_workflow_UALIB_1-338/	1999_Ha_JD_UA.1053962_substances.sdf				
1995	Battle, W. The Synthesis of 5-(Boronic Ester)-Isoxazoles and Their use in Palladium-Catalyzed Cross-Coupling Reactions with Iodobenzene. M.A. Thesis, The University of Alabama, 1995.	http://library.ua.edu/vwebv/holdingsInfo?bibId=849024	ua.849024	M.A. Thesis	Wallace, R.H.	1	UALIB_ChemStructures/old_workflow_UALIB_1-338/	1995_Battle_W_UA.849024_substances.sdf				
1994	Whitlock, C.R. Synthetic Approaches to the Dragmacidin Alkaloids. Ph.D. Dissertation, The University of Alabama, 1994.	http://library.ua.edu/vwebv/holdingsInfo?bibId=823118	ua.823118	Ph.D. Thesis	Cava, M.P.	1	UALIB_ChemStructures/old_workflow_UALIB_1-338/	1994_Whitlock_CR_UA.823118_substances.sdf				
2000	Eom, K.D. Total Synthesis of (+)-Asteltoxin. Ph.D. Thesis, The University of Alabama, 2000.	http://library.ua.edu/vwebv/holdingsInfo?bibId=1128100	ua.1128100	Ph.D. Thesis	Cha, J.K.	1	UALIB_ChemStructures/StructureData/rdkit_processed_sdf/r_sdf_PubChem_submitted/	2000_Eom_KD_UA.1128100_substances_rdkit2019092.sdf				
1960	McKeown, G.B. Proof of structure of some controversial sulfonyl chlorides. M.S. Thesis, The University of Alabama, 1960.	https://ir.ua.edu/handle/123456789/6415	ua.673860	M.S. Thesis	Scott, R.B.	1	UALIB_ChemStructures/StructureData/rdkit_processed_sdf/r_sdf_PubChem_submitted/	1960_McKeown_GB_UA.673860_substances_rdkit2019092.sdf				
1929	Hanna, C. Acetic Anhydride. M.S. Thesis, The University of Alabama, 1929.	https://ir.ua.edu/handle/123456789/6419	ua.679318	M.S. Thesis	unknown	1	UALIB_ChemStructures/StructureData/rdkit_processed_sdf/r_sdf_PubChem_submitted/	1929_Hanna_C_UA.679318_substances_rdkit2019092.sdf				
1984	Muse, D.E. Approaches to the synthesis of qinghaosu. M.S. Thesis, The University of Alabama, 1984.	https://ir.ua.edu/handle/123456789/6347	ua.8390647	M.S. Thesis	McKenzie, T.C.	1	UALIB_ChemStructures/StructureData/rdkit_processed_sdf/r_sdf_PubChem_submitted/	1984_Muse_DE_UA.8390647_substances_rdkit2019092.sdf				
2009	Cafiero, L. New synthetic applications of trichloromethyl carbinols in synthesis. Ph.D. Thesis, The University of Alabama, 2009.	https://ir.ua.edu/handle/123456789/615	ua.2763125	Ph.D. Thesis	Snowden, T.S.	1	UALIB_ChemStructures/StructureData/rdkit_processed_sdf/r_sdf_PubChem_submitted/	2009_Cafiero_L_UA.2763125_substances_rdkit2019092.sdf				
1961	Williams, G.C. Comparative Reactivities of Axial and Equatorial Carbinol Derivatives. Ph.D. Thesis, The University of Alabama, 1961.	https://ir.ua.edu/handle/123456789/6414	ua.678067	Ph.D. Thesis	Scott, R.B.	1	UALIB_ChemStructures/StructureData/rdkit_processed_sdf/r_sdf_PubChem_submitted/	1961_Williams_GC_UA.678067_substances_rdkit2019092.sdf				
2009	Iconaru, L.I. Fused polycyclic imidazoles. Ph.D. Thesis, The University of Alabama, 2009.	https://ir.ua.edu/handle/123456789/683	ua.3258631	Ph.D. Thesis	Arduengo, A.J.	3	UALIB_ChemStructures/StructureData/rdkit_processed_sdf/r_sdf_PubChem_submitted/	2009_Iconaru_LI_UA.3258631_substances_rdkit2019092.sdf	UALIB_ChemStructures/StructureData/rdkit_processed_sdf/r_sdf_PubChem_submitted/	2009_Iconaru_LI_UA.3258631_substances_dative_rdkit2019092_edited.sdf	UALIB_ChemStructures/StructureData/rdkit_processed_csv/r_csv_PubChem_submitted/	2009_Iconaru_LI_UA.3258631_substances_corrections_rdkit2019092_PC.csv
2009	Carr, J.M. Progress toward the synthesis of a Xenia diterpenoid common intermediate and the preparation of inotilone derivatives. Ph.D. Thesis, The University of Alabama, 2009.	https://ir.ua.edu/handle/123456789/591	ua.3220539	Ph.D. Thesis	Snowden, T.S.	2	UALIB_ChemStructures/StructureData/rdkit_processed_sdf/r_sdf_PubChem_submitted/	2009_Carr_JM_UA.3220539_substances_rdkit2019092.sdf	UALIB_ChemStructures/StructureData/rdkit_processed_sdf/r_sdf_PubChem_submitted/	2009_Carr_JM_UA.3220539_substances_corrections_rdkit2019092.sdf		
2010	Hough, W.L. Functional Ionic Liquids for use in Pharmaceutical Applications. Ph.D. Thesis, The University of Alabama, 2010.	https://ir.ua.edu/handle/123456789/848	ua.2951646	Ph.D. Thesis	Rogers, R.D.	1	UALIB_ChemStructures/StructureData/rdkit_processed_sdf/r_sdf_PubChem_submitted/	2010_Hough_WL_UA.2951646_substances_rdkit2019092.sdf				
2009	Brown, W.S. Design and synthesis of phosphine ligands for palladium-catalyzed coupling reactions. Ph.D. Thesis, The University of Alabama, 2009.	https://ir.ua.edu/handle/123456789/564	ua.2936909	Ph.D. Thesis	Shaughnessy, K.H.	2	UALIB_ChemStructures/StructureData/rdkit_processed_sdf/r_sdf_PubChem_submitted/	2009_Brown_WS_UA.2936909_substances_rdkit2019092.sdf	UALIB_ChemStructures/StructureData/rdkit_processed_sdf/r_sdf_PubChem_submitted/	2009_Brown_WS_UA.2936909_substances_corrections_rdkit2019092.sdf		
2010	Hendrix, A.J.M. Novel methodologies via the catalytic carbocupration of alkynoates and the total synthesis of (+)-aspergillide B. Ph.D. Thesis, The University of Alabama, 2010.	https://ir.ua.edu/handle/123456789/951	ua.2988793	Ph.D. Thesis	Jennings, M.P.	1	UALIB_ChemStructures/StructureData/rdkit_processed_sdf/r_sdf_PubChem_submitted/	2010_Hendrix_AJM_UA.2988793_substances_rdkit2019092_edited.sdf				
2011	Martinez, D.S. Syntheses of C-glycoside natural products via oxocarbenium cationic intermediates. Ph.D. Thesis, The University of Alabama, 2011.	https://ir.ua.edu/handle/123456789/1063	ua.3054650	Ph.D. Thesis	Jennings, M.P.	1	UALIB_ChemStructures/StructureData/rdkit_processed_sdf/r_sdf_PubChem_submitted/	2011_Martinez_DS_UA.3054650_substances_rdkit2019092_edited.sdf				
2012	Gray, L.T. The application of arylamines as redox auxiliaries, polar crystals, and organic semiconductors. Ph.D. Thesis, The University of Alabama, 2012.	https://ir.ua.edu/handle/123456789/1462	ua.3754113	Ph.D. Thesis	Blackstock, S.C.	1	UALIB_ChemStructures/StructureData/rdkit_processed_sdf/r_sdf_PubChem_submitted/	2012_Gray_LT_UA.3754113_substances_rdkit2019092_edited.sdf				
2013	Albury, A.M.M. Total syntheses of (-)-cryptocaryolone and (-)-cryptocaryolone diacetate, progress towards the total syntheses of (Â±)-sinensigenin A and C and the development of a novel electrophilic allylsilane methodology. Ph.D. Thesis, The University of Alabama, 2013. 	https://ir.ua.edu/handle/123456789/1769	ua.3776440	Ph.D. Thesis	Jennings, M.P.	1	UALIB_ChemStructures/StructureData/rdkit_processed_sdf/r_sdf_PubChem_submitted/	2013_Albury_AMM_UA.3776440_substances_rdkit2019092_edited.sdf				
2014	De Joarder, D. Total syntheses of (-)-curvularin and xestodecalactone a, formal total syntheses of (-)-citreofuran, (+)-12-oxo-curvularin, (+)-sporostatin, synthetic efforts toward (-)-caylobolide a. Ph.D. Thesis, The University of Alabama, 2014.	https://ir.ua.edu/handle/123456789/1985	ua.3895059	Ph.D. Thesis	Jennings, M.P.	1	UALIB_ChemStructures/StructureData/rdkit_processed_sdf/r_sdf_PubChem_submitted/	2014_DeJoarder_D_UA.3895059_substances_rdkit2019092.sdf				
1962	Payne, L.B. Mechanism Studies of the Retropinacol Reaction. Ph.D. Thesis, The University of Alabama, 1962.	https://ir.ua.edu/handle/123456789/6561	ua.667284	Ph.D. Thesis	Scott, R.B.	2	UALIB_ChemStructures/StructureData/rdkit_processed_sdf/r_sdf_PubChem_submitted/	1962_Payne_LB_UA.667284_substances_rdkit2019092.sdf	UALIB_ChemStructures/StructureData/rdkit_processed_sdf/r_sdf_PubChem_submitted/	1962_Payne_LB_UA.667284_substances_corrections_rdkit2019092.sdf		
2015	Saint-Louis, C.J. Control of molecular geometries using new photo-electro-switchable azobenzenes. Ph.D. Thesis, The University of Alabama, 2015.	https://ir.ua.edu/handle/123456789/2504	ua.4425625	Ph.D. Thesis	Blackstock, S.C.	1	UALIB_ChemStructures/StructureData/rdkit_processed_sdf/r_sdf_PubChem_submitted/	2015_Saint-Louis_CJ_UA.4425625_substances_rdkit2019092_edited.sdf				
2017	Johnson, D.A. Synthetic applications of (E)-alpha-trialkylsilyl-alpha,beta-unsaturated esters. Ph.D. Thesis, The University of Alabama, 2017.	https://ir.ua.edu/handle/123456789/3547	ua.7850311	Ph.D. Thesis	Jennings, M.P.	1	UALIB_ChemStructures/StructureData/rdkit_processed_sdf/r_sdf_PubChem_submitted/	2017_Johnson_DA_UA.7850311_substances_rdkit2019092_edited.sdf				
2018	Cassidy, S.J. Electron-deficient heterofluorene conjugated polymers and small molecules. Ph.D. Thesis, The University of Alabama, 2018.	https://ir.ua.edu/handle/123456789/5352	ua.8051377	Ph.D. Thesis	Rupar, P.A.	2	UALIB_ChemStructures/StructureData/rdkit_processed_sdf/r_sdf_PubChem_submitted/	2018_Cassidy_SJ_UA.8051377_substances_rdkit2019092.sdf	UALIB_ChemStructures/StructureData/rdkit_processed_sdf/r_sdf_PubChem_submitted/	2018_Cassidy_SJ_UA.8051377_substances_dative_rdkit2019092_edited.sdf		
2002	Lee, H.I. Synthetic Studies Toward Sarain A. Ph.D. Thesis, The University of Alabama, 2002.	http://library.ua.edu/vwebv/holdingsInfo?bibId=1621657	ua.1621657	Ph.D. Thesis	Cha, J.K.	1	UALIB_ChemStructures/StructureData/KnowItAll_processed_csv/k_csv_PubChem_submitted/	2002_Lee_HI_UA.1621657_KnowItAll_substances_forPC.csv				
2000	Han, M. Synthesis and characterization of amine-quinone polymides and their uses in corrosion protection. Ph.D. Thesis, The University of Alabama, 2000.	http://library.ua.edu/vwebv/holdingsInfo?bibId=1130335	ua.1130335	Ph.D. Thesis	Nikles, D.E.	1	UALIB_ChemStructures/StructureData/rdkit_processed_sdf/r_sdf_PubChem_submitted/	2000_Han_M_UA.1130335_substances_rdkit2019092_edited.sdf				
2011	Runyon, J.W. Fluoroalkoxy-functionalized carbenes for main group and transition metal complexes. Ph.D. Thesis, The University of Alabama, 2011.	https://ir.ua.edu/handle/123456789/1045	ua.3566455	Ph.D. Thesis	Arduengo, A.J.	3	UALIB_ChemStructures/StructureData/rdkit_processed_sdf/r_sdf_PubChem_submitted/	2011_Runyon_JW_UA.3566455_substances_rdkit2019092_edited.sdf	UALIB_ChemStructures/StructureData/rdkit_processed_sdf/r_sdf_PubChem_submitted/	2011_Runyon_JW_UA.3566455_substances_dative_rdkit2019092_edited.sdf	UALIB_ChemStructures/StructureData/rdkit_processed_sdf/r_sdf_PubChem_submitted/	2011_Runyon_JW_UA.3566455_substances_corrected_rdkit2019092.sdf
2001	Lee, K. A formal synthesis of (+)-phorbol. Ph.D. Thesis, The University of Alabama, 2001.	http://library.ua.edu/vwebv/holdingsInfo?bibId=1305068	ua.1305068	Ph.D. Thesis	Cha, J.K.	1	UALIB_ChemStructures/StructureData/rdkit_processed_sdf/r_sdf_PubChem_submitted/	2001_Lee_K_UA.1305068_substances_rdkit2019092.sdf				
2008	Bajwa, N. Studies towards the total synthesis of the biologically active natural product aigialomycin D and development of two novel methodologies. Ph.D. Thesis, The University of Alabama, 2008.	http://library.ua.edu/vwebv/holdingsInfo?bibId=2629772	ua.2629772	Ph.D. Thesis	Jennings, M.P.	1	UALIB_ChemStructures/StructureData/rdkit_processed_sdf/r_sdf_PubChem_submitted/	2008_Bajwa_N_UA.2629772_substances_rdkit2019092_edited.sdf				
2007	Sawant, K.B. Studies towards synthesis of lasonolide A, total synthesis and structural determination of Dispongin A and B. Ph.D. Thesis, The University of Alabama, 2007.	http://library.ua.edu/vwebv/holdingsInfo?bibId=2180791	ua.2180791	Ph.D. Thesis	Jennings, M.P.	1	UALIB_ChemStructures/StructureData/rdkit_processed_sdf/r_sdf_PubChem_submitted/	2007_Sawant_KB_UA.2180791_substances_rdkit2019092.sdf				
2009	Ganta, A. New applications of Arynes and Wynberg lactone in synthesis. Ph.D. Thesis, The University of Alabama, 2009.	http://library.ua.edu/vwebv/holdingsInfo?bibId=2764133	ua.2764133	Ph.D. Thesis	Snowden, T.S.	1	UALIB_ChemStructures/StructureData/rdkit_processed_sdf/r_sdf_PubChem_submitted/	2009_Ganta_A_UA.2764133_substances_rdkit2019092.sdf				
1997	Hungerford, W.M. Synthetic approaches to the marine alkaloid wakayin and synthetic approaches to potential molecular rectifiers. M.S. Thesis, The University of Alabama, 1997.	http://library.ua.edu/vwebv/holdingsInfo?bibId=886782	ua.886782	M.S. Thesis	Cava, M.P.	1	UALIB_ChemStructures/StructureData/rdkit_processed_sdf/r_sdf_PubChem_submitted/	1997_Hungerford_WM_UA.886782_substances_rdkit2019092.sdf				
1998	Zhang, L. Synthesis of a wakayin model. M.S. Thesis, The University of Alabama, 1998.	http://library.ua.edu/vwebv/holdingsInfo?bibId=975423	ua.975423	M.S. Thesis	Cava, M.P.	1	UALIB_ChemStructures/StructureData/rdkit_processed_sdf/r_sdf_PubChem_submitted/	1998_Zhang_L_UA.975423_substances_rdkit2019092.sdf				
2000	Lee, J.C. Total syntheses of colchicine and tropoloisoquinoline alkaloids. Ph.D. Thesis, The University of Alabama, 2000.	http://library.ua.edu/vwebv/holdingsInfo?bibId=1130327	ua.1130327	Ph.D. Thesis	Cha, J.K.	2	UALIB_ChemStructures/StructureData/rdkit_processed_sdf/r_sdf_PubChem_submitted/	2000_Lee_JC_UA.1130327_substances_rdkit2019092_edited.sdf	UALIB_ChemStructures/StructureData/KnowItAll_processed_csv/k_csv_PubChem_submitted/	2000_Lee_JC_UA.1130327_KnowItAll_substances_forPC.csv		
2008	Carrick, J.D. Progress towards the formal enantioselective total synthesis of (-)-clavosolide A. Ph.D. Thesis, The University of Alabama, 2008.	http://library.ua.edu/vwebv/holdingsInfo?bibId=2634576	ua.2634576	Ph.D. Thesis	Jennings, M.P.	1	UALIB_ChemStructures/StructureData/rdkit_processed_sdf/r_sdf_PubChem_submitted/	2008_Carrick_JD_UA.2634576_substances_rdkit2019092.sdf				
2009	Clemens, R.T. The total synthesis of biologically active C-glycoside natural products: 1) total synthesis of (-)-centrolobine 2) total synthesis of (-)-varitriol and analogues 3) progress towards the total synthesis of polyrhacatide A. Ph.D. Thesis, The University of Alabama, 2009.	http://library.ua.edu/vwebv/holdingsInfo?bibId=2764142	ua.2764142	Ph.D. Thesis	Jennings, M.P.	1	UALIB_ChemStructures/StructureData/rdkit_processed_sdf/r_sdf_PubChem_submitted/	2009_Clemens_RT_UA.2764142_substances_rdkit2019092.sdf				
1992	Kotian, P.L. Synthetic approaches to Tussilagone. Ph.D. Thesis, The University of Alabama, 1992.	http://library.ua.edu/vwebv/holdingsInfo?bibId=761605	ua.761605	Ph.D. Thesis	Caine, D.S.	1	UALIB_ChemStructures/StructureData/rdkit_processed_sdf/r_sdf_PubChem_submitted/	1992_Kotian_PL_UA.761605_substances_rdkit2019092.sdf				
1999	Paige, M.A. Synthesis and reaction of 3(2H)-Furanone derivatives. M.S. Thesis, The University of Alabama, 1999.	http://library.ua.edu/vwebv/holdingsInfo?bibId=1069492	ua.1069492	M.S. Thesis	Caine, D.S.	2	UALIB_ChemStructures/StructureData/rdkit_processed_sdf/r_sdf_PubChem_submitted/	1999_Paige_MA_UA.1069492_substances_rdkit2019092.sdf	UALIB_ChemStructures/StructureData/KnowItAll_processed_csv/k_csv_PubChem_submitted/	1999_Paige_MA_UA.1069492_KnowItAll_substances_forPC.csv		
1995	Billimoria, A.D. The chemistry of indolo [1,2-c]quinazoline; approaches to marine alkaloid hinckdentine A. Ph.D. Thesis, The University of Alabama, 1995.	http://library.ua.edu/vwebv/holdingsInfo?bibId=838450	ua.838450	Ph.D. Thesis	Cava, M.P.	1	UALIB_ChemStructures/StructureData/rdkit_processed_sdf/r_sdf_PubChem_submitted/	1995_Billimoria_AD_UA.838450_substances_rdkit2019092.sdf				
2008	Shamshina, J. New synthetic applications of the trichloromethylcarbinols synthesis of small molecule natural products. Ph.D. Thesis, The University of Alabama, 2008.	http://library.ua.edu/vwebv/holdingsInfo?bibId=2673791	ua.2673791	Ph.D. Thesis	Snowden, T.S.	1	UALIB_ChemStructures/StructureData/rdkit_processed_sdf/r_sdf_PubChem_submitted/	2008_Shamshina_J_UA.2673791_substances_rdkit2019092.sdf				
2002	Sung, M.J. Synthetic studies toward sarains. Ph.D. Thesis, The University of Alabama, 2001.	http://library.ua.edu/vwebv/holdingsInfo?bibId=1556397	ua.1556397	Ph.D. Thesis	Cha, J.K.	1	UALIB_ChemStructures/StructureData/KnowItAll_processed_csv/k_csv_PubChem_submitted/	2001_Sung_MJ_UA.1556397_KnowItAll_substances_forPC.csv				
1994	Arant, M. Synthesis of potential precursors for the heliangolide sesquiterpenes. Ph.D. Thesis, The University of Alabama, 1994.	http://library.ua.edu/vwebv/holdingsInfo?bibId=823117	ua.823117	Ph.D. Thesis	Caine, D.S.	1	UALIB_ChemStructures/StructureData/rdkit_processed_sdf/r_sdf_PubChem_submitted/	1994_Arant_M_UA.823117_substances_rdkit2019092.sdf				
1998	Kim, H. Total synthesis of bioactive oxygen hetereocycles: (+)-lauthisan and (+)-asteltoxin. Ph.D. Thesis, The University of Alabama, 1998.	http://library.ua.edu/vwebv/holdingsInfo?bibId=940049	ua.940049	Ph.D. Thesis	Cha, J.K.	2	UALIB_ChemStructures/StructureData/rdkit_processed_sdf/r_sdf_PubChem_submitted/	1998_Kim_H_UA.940049_substances_rdkit2019092.sdf	UALIB_ChemStructures/StructureData/KnowItAll_processed_csv/k_csv_PubChem_submitted/	1998_Kim_H_UA.940049_KnowItAll_substances_forPC		
2007	Gurau, G. New developments in carbene and nitrene chemistry. Ph.D. Thesis, The University of Alabama, 2007.	http://library.ua.edu/vwebv/holdingsInfo?bibId=2195404	ua.2195404	Ph.D. Thesis	Arduengo, A.J.	2	UALIB_ChemStructures/StructureData/rdkit_processed_sdf/r_sdf_PubChem_submitted/	2007_Gurau_G_UA.2195404_substances_rdkit2019092.sdf	UALIB_ChemStructures/StructureData/rdkit_processed_sdf/r_sdf_PubChem_submitted/	2007_Gurau_G_UA.2195404_substances_dative_rdkit2019092.sdf		
2000	Cho, S.Y. Small ring-mediated organic synthesis. Ph.D. Thesis, The University of Alabama, 2000.	http://library.ua.edu/vwebv/holdingsInfo?bibId=1284604	ua.1284604	Ph.D. Thesis	Cha, J.K.	2	UALIB_ChemStructures/StructureData/rdkit_processed_sdf/r_sdf_PubChem_submitted/	2000_Cho_SY_UA.1284604_substances_rdkit2019092.sdf	UALIB_ChemStructures/StructureData/KnowItAll_processed_csv/k_csv_PubChem_submitted/	2000_Cho_SY_UA.1284604_KnowItAll_substances_forPC.csv		
1994	Hu, Z. Part 1, Thiophene derived annulenes; Part 2, Synthesis and Diels-Alder reactions of monothiono-n-nethylmaleimide. Ph.D. Thesis, The University of Alabama, 1994.	http://library.ua.edu/vwebv/holdingsInfo?bibId=821644	ua.821644	Ph.D. Thesis	Cava, M.P.	2	UALIB_ChemStructures/StructureData/rdkit_processed_sdf/r_sdf_PubChem_submitted/	1994_Hu_Z_UA.821644_substances_rdkit2019092.sdf	UALIB_ChemStructures/StructureData/KnowItAll_processed_csv/k_csv_PubChem_submitted/	1994_Hu_Z_UA.821644_substances_KnowItAll_substances_forPC.csv		
2007	Duncan, J.R. Changing the redox-gradient in geometrically equivalent aryl amines. Ph.D. Thesis, The University of Alabama, 2007.	http://library.ua.edu/vwebv/holdingsInfo?bibId=2078535	ua.2078535	Ph.D. Thesis	Blackstock, S.C.	1	UALIB_ChemStructures/StructureData/rdkit_processed_sdf/r_sdf_PubChem_submitted/	2007_Duncan_JR_UA.2078535_substances_rdkit2019092.sdf				
2002	Kim, S.-H. Titanium-mediated cyclization reactions: I. New synthetic methods for alkaloids; II. [1,3]- and [3,3]-Sigmatropic rearrangements of vinylcyclobutanols. Ph.D. Thesis, The University of Alabama, 2002.	http://library.ua.edu/vwebv/holdingsInfo?bibId=1556448	ua.1556448	Ph.D. Thesis	Cha, J.K.	1	UALIB_ChemStructures/StructureData/rdkit_processed_sdf/r_sdf_PubChem_submitted/	2002_Kim_SH_UA.1556448_substances_rdkit2019092.sdf				
2007	Cho, J.H. Part I. Palladium-Catalyzed alkenylation and alkynylation of nucleosides in aqueous media Part II. Palladium-Catalyzed carbon-selenium bond formation for unsymmetrical diaryl selenides. Ph.D. Thesis, The University of Alabama, 2007.	http://library.ua.edu/vwebv/holdingsInfo?bibId=2375330	ua.2375330	Ph.D. Thesis	Shaughnessy, K.H.	2	UALIB_ChemStructures/StructureData/rdkit_processed_sdf/r_sdf_PubChem_submitted/	2007_Cho_JH_UA.2375330_substances_rdkit2019092.sdf	UALIB_ChemStructures/StructureData/rdkit_processed_sdf/r_sdf_PubChem_submitted/	2007_Cho_JH_UA.2375330_substances_corrected_rdkit2019092.sdf		
1995	Zong, K. The 1,3-dipolar cycloaddition of nitrile oxides to vinylboronic esters and asymmetric approaches. Ph.D. Thesis, The University of Alabama, 1995.	http://library.ua.edu/vwebv/holdingsInfo?bibId=851312	ua.851312	Ph.D. Thesis	Wallace, R.H.	3	UALIB_ChemStructures/StructureData/rdkit_processed_sdf/r_sdf_PubChem_submitted/	1995_Zong_K_UA.851312_substances_rdkit2019092.sdf	UALIB_ChemStructures/StructureData/rdkit_processed_sdf/r_sdf_PubChem_submitted/	1995_Zong_K_UA.851312_substances_dative_rdkit2019092_edited.sdf	1999_Paige_MA_UA.1069492_KnowItAll_substances_forPC.csv	1995_Zong_K_UA.851312_KnowItAll_substances_forPC.csv
1993	Stephenson, E.K. New synthetic approach to the tropoloisoquinoline alkaloids. Ph.D. Thesis, The University of Alabama, 1993.	http://library.ua.edu/vwebv/holdingsInfo?bibId=809267	ua.809267	Ph.D. Thesis	Cava, M.P.	1	UALIB_ChemStructures/StructureData/rdkit_processed_sdf/r_sdf_PubChem_submitted/	1993_Stephenson_EK_UA.809267_substances_rdkit2019092.sdf				
1992	Kois, A. Synthetic approaches to heliangolide sesquiterpenes. Ph.D. Thesis, The University of Alabama, 1992.	http://library.ua.edu/vwebv/holdingsInfo?bibId=741315	ua.741315	Ph.D. Thesis	Caine, D.S.	1	UALIB_ChemStructures/StructureData/rdkit_processed_sdf/r_sdf_PubChem_submitted/	1992_Kois_A_UA.741315_substances_rdkit2019092.sdf				
2009	Hill, L.L. Investigations of cross coupling reactions: synthesis and scope of new neopentyl phosphine ligands and pre-formed palladium catalysts. Ph.D. Thesis, The University of Alabama, 2009.	http://library.ua.edu/vwebv/holdingsInfo?bibId=2765001	ua.2765001	Ph.D. Thesis	Shaughnessy, K.H.	2	UALIB_ChemStructures/StructureData/rdkit_processed_sdf/r_sdf_PubChem_submitted/	2009_Hill_LL_UA.2765001_substances_rdkit2019092.sdf	UALIB_ChemStructures/StructureData/rdkit_processed_sdf/r_sdf_PubChem_submitted/	2009_Hill_LL_UA.2765001_substances_dative_rdkit2019092_edited.sdf		
1992	Yan, S. Chemistry of anti-aids and anticancer compounds. Ph.D. Thesis, The University of Alabama, 1992.	http://library.ua.edu/vwebv/holdingsInfo?bibId=761592	ua.761592	Ph.D. Thesis	Baker, D.C.	2	UALIB_ChemStructures/StructureData/rdkit_processed_sdf/r_sdf_PubChem_submitted/	1992_Yan_S_UA.761592_substances_rdkit2019092.sdf	UALIB_ChemStructures/StructureData/KnowItAll_processed_csv/k_csv_PubChem_submitted/	1992_Yan_S_UA.761592_KnowItAll_substances_forPC.csv		
2003	Western, E.C. Efficient modification of nucleosides using Suzuki-Miyaura coupling in aqueous media. M.S. Thesis, The University of Alabama, 2003.	http://library.ua.edu/vwebv/holdingsInfo?bibId=1632944	ua.1632944	M.S. Thesis	Shaughnessy, K.H.	1	UALIB_ChemStructures/StructureData/rdkit_processed_sdf/r_sdf_PubChem_submitted/	2003_Western_EC_UA.1632944_substances_rdkit2019092.sdf				
1984	Waites, W.J. Synthesis and evaluation of a series of 2'-O-Acyl derivatives of 9-(Beta-D-arabinofuranosyl)adenine as antiherpes agents. M.S. Thesis, The University of Alabama, 1984.	http://library.ua.edu/vwebv/holdingsInfo?bibId=295348	ua.295348	M.S. Thesis	Baker, D.C.	1	UALIB_ChemStructures/StructureData/rdkit_processed_sdf/r_sdf_PubChem_submitted/	1984_Waites_WJ_UA.295348_substances_rdkit2019092.sdf				
1990	Chen, W. Part I: synthesis of some pyrrole-derived conducting polymers; Part II: synthesis of pyrrole-annealated tetrathiafulvalene. Ph.D. Thesis, The University of Alabama, 1990.	http://library.ua.edu/vwebv/holdingsInfo?bibId=667397	ua.667397	Ph.D. Thesis	Cava, M.P.	1	UALIB_ChemStructures/StructureData/rdkit_processed_sdf/r_sdf_PubChem_submitted/	1990_Chen_W_UA.667397_substances_rdkit2019092.sdf				
1990	Blazis, V.J. Synthetic approaches to acetomycin and related compounds. Ph.D. Thesis, The University of Alabama, 1990.	http://library.ua.edu/vwebv/holdingsInfo?bibId=666439	ua.666439	Ph.D. Thesis	Baker, D.C.	1	UALIB_ChemStructures/StructureData/rdkit_processed_sdf/r_sdf_PubChem_submitted/	1990_Blazis_VJ_UA.666439_substances_rdkit2019092.sdf				
1988	Stanhope, B.E. Retroaldol-Wittig reactions of monocyclic beta-hydroxy-alpha-phenylsulfenyl ketones in natural products synthesis. Ph.D. Thesis, The University of Alabama, 1988.	http://library.ua.edu/vwebv/holdingsInfo?bibId=588828	ua.588828	Ph.D. Thesis	Caine, D.S.	1	UALIB_ChemStructures/StructureData/rdkit_processed_sdf/r_sdf_PubChem_submitted/	1988_Stanhope_BE_UA.588828_substances_rdkit2019092.sdf				
1988	Hassen, W.D. Synthetic approaches towards benzo[d]naphthopyran antibiotics. Ph.D. Thesis, The University of Alabama, 1988.	http://library.ua.edu/vwebv/holdingsInfo?bibId=579834	ua.579834	Ph.D. Thesis	McKenzie, T.C.	1	UALIB_ChemStructures/StructureData/rdkit_processed_sdf/r_sdf_PubChem_submitted/	1988_Hassen_WD_UA.579834_substances_rdkit2019092.sdf				
2019	Probasco, M.S. Synthetic investigations of new metal mediated methodologies and the structural study of the previously undetermined stereocenters of cyanomaclurin. Ph.D. Thesis, The University of Alabama, 2019.	https://ir.ua.edu/handle/123456789/6548	ua.8411031	Ph.D. Thesis	Jennings, M.P.	1	UALIB_ChemStructures/StructureData/rdkit_processed_sdf/r_sdf_PubChem_submitted/	2019_Probasco_MS_UA.8411031_substances_rdkit2019092.sdf				
1990	Cragg, P.J. Azacrowns and their derivatives: a synthetic and structural investigation. Ph.D. Thesis, The University of Alabama, 1990.	http://library.ua.edu/vwebv/holdingsInfo?bibId=708581	ua.708581	Ph.D. Thesis	Atwood, J.L.	1	UALIB_ChemStructures/StructureData/rdkit_processed_sdf/r_sdf_PubChem_submitted/	1990_Cragg_PJ_UA.708581_substances_rdkit2019092.sdf				
1995	Liu, J. A new application of vinylboronates in organic synthesis: the preparation of 4-hydroxy-[delta]2-isoxazolines by 1,3-dipolar cycloaddition. M.S. Thesis, The University of Alabama, 1995.	http://library.ua.edu/vwebv/holdingsInfo?bibId=837909	ua.837909	M.S. Thesis	Wallace, R.H.	2	UALIB_ChemStructures/StructureData/rdkit_processed_sdf/r_sdf_PubChem_submitted/	1995_Liu_J_UA.837909_substances_rdkit2019092.sdf	UALIB_ChemStructures/StructureData/KnowItAll_processed_csv/k_csv_PubChem_submitted/	1995_Liu_J_UA.837909_KnowItAll_substances_forPC.csv		
1992	Randolph, J.T. Design, synthesis, and study of compounds of interest as anti-inflammatory, antiviral, and antitumor agents. Ph.D. Thesis, The University of Alabama, 1992.	http://library.ua.edu/vwebv/holdingsInfo?bibId=744241	ua.744241	Ph.D. Thesis	Baker, D.C.	1	UALIB_ChemStructures/StructureData/rdkit_processed_sdf/r_sdf_PubChem_submitted/	1992_Randolph_JT_UA.744241_substances_rdkit2019092.sdf				
1999	Collison, R.F. Anion-assisted [4 + 2]-cycloadditions of 3(2H)-furanones and related compounds. Ph.D. Thesis, The University of Alabama, 1999.	http://library.ua.edu/vwebv/holdingsInfo?bibId=1033741	ua.1033741	Ph.D. Thesis	Caine, D.S.	2	UALIB_ChemStructures/StructureData/rdkit_processed_sdf/r_sdf_PubChem_submitted/	1999_Collison_RF_UA.1033741_substances_rdkit2019092.sdf	UALIB_ChemStructures/StructureData/KnowItAll_processed_csv/k_csv_PubChem_submitted/	1999_Collison_RF_UA.1033741_KnowItAll_substances_forPC.csv		
1997	Lee, J. [Chapter] I, Kulinkovich hydroxycyclopropanation; [Chapter] II, oxyallyl [4+3] cycloaddition approaches towards taxol. Ph.D. Thesis, The University of Alabama, 1997.	http://library.ua.edu/vwebv/holdingsInfo?bibId=882951	ua.882951	Ph.D. Thesis	Cha, J.K.	2	UALIB_ChemStructures/StructureData/rdkit_processed_sdf/r_sdf_PubChem_submitted/	1997_Lee_J_UA.882951_substances_rdkit2019092.sdf	UALIB_ChemStructures/StructureData/KnowItAll_processed_csv/k_csv_PubChem_submitted/	1997_Lee_J_UA.882951_KnowItAll_Substances_forPC.csv		
1987	Jiang, C. Design, synthesis, and biological evaluation of compounds of interest in the chemotherapy of cancer. Ph.D. Thesis, The University of Alabama, 1987.	http://library.ua.edu/vwebv/holdingsInfo?bibId=552496	ua.552496	Ph.D. Thesis	Baker, D.C.	1	UALIB_ChemStructures/StructureData/rdkit_processed_sdf/r_sdf_PubChem_submitted/	1987_Jiang_C_UA.552496_substances_rdkit2019092.sdf				
1985	Smal, E. Synthesis, biosynthesis and studies related to compounds of interest in cancer chemotherapy. Ph.D. Thesis, The University of Alabama, 1985.	http://library.ua.edu/vwebv/holdingsInfo?bibId=424136	ua.424136	Ph.D. Thesis	Baker, D.C.	1	UALIB_ChemStructures/StructureData/rdkit_processed_sdf/r_sdf_PubChem_submitted/	1985_Smal_E_UA.424136_substances_rdkit2019092.sdf				
1988	Agyei-Aye, K. Synthesis of potential antiviral nucleosides. Ph.D. Thesis, The University of Alabama, 1988.	http://library.ua.edu/vwebv/holdingsInfo?bibId=588965	ua.588965	Ph.D. Thesis	Baker, D.C.	1	UALIB_ChemStructures/StructureData/rdkit_processed_sdf/r_sdf_PubChem_submitted/	1988_Agyei-Aye_K_UA.588965_substances_rdkit2019092.sdf				
2005	Tapu, D. New architectures in Imidazol-2-Ylidene chemistry. Ph.D. Thesis, The University of Alabama, 2005.	http://library.ua.edu/vwebv/holdingsInfo?bibId=1786457	ua.1786457	Ph.D. Thesis	Arduengo, A.J.	2	UALIB_ChemStructures/StructureData/rdkit_processed_sdf/r_sdf_PubChem_submitted/	2005_Tapu_D_UA.1786457_substances_rdkit2019092.sdf	UALIB_ChemStructures/StructureData/rdkit_processed_sdf/r_sdf_PubChem_submitted/	2005_Tapu_D_UA.1786457_substances_datives_rdkit2019092_edited.sdf		
